dataset,baseline,v2_bias_mean,b_bias_mean,diff_mean,diff_ci_lo,diff_ci_hi,wilcoxon_p,cliffs_delta
HI-Small,B1_random_uniform,1.1102230246251564e-16,0.18098945498945496,0.1809894549894549,0.13670376716243038,0.23196141985077615,3.379281202384615e-10,1.0
HI-Small,B2_stratified_proportional,1.1102230246251564e-16,0.1603895961024673,0.1603895961024672,0.1291614882916861,0.19683146314631442,3.1828995012610227e-10,1.0
HI-Small,B3_keep_ill_no_iw,1.1102230246251564e-16,0.019071716240777345,0.019071716240777234,0.019042122248853578,0.01909391173471998,4.143656846802458e-12,1.0
HI-Small,B4_v2_no_hardneg,1.1102230246251564e-16,0.025915633878178808,0.0259156338781787,0.02080489114407034,0.03272995752365651,4.143656846802458e-12,1.0
HI-Small,B5_fogliato_neyman,1.1102230246251564e-16,0.06330038320402517,0.06330038320402508,0.05089327968766018,0.07722945082549217,8.881784197001252e-16,1.0
HI-Small,B6_leskovec_rw,1.1102230246251564e-16,0.23749624152936843,0.23749624152936832,0.18329934205075474,0.2979732800796153,3.6291056348935797e-10,1.0
HI-Small,B7_gao_stratified,1.1102230246251564e-16,0.2060697439935309,0.20606974399353079,0.1631482063438875,0.25419911908554876,3.6572182021074576e-10,1.0
LI-Small,B1_random_uniform,0.0,0.3492592592592593,0.3492592592592593,0.31148148148148147,0.3918518518518519,2.984974520767263e-11,1.0
LI-Small,B2_stratified_proportional,0.0,0.42814814814814817,0.42814814814814817,0.37777777777777777,0.4837037037037037,7.387412377544873e-11,1.0
LI-Small,B3_keep_ill_no_iw,0.0,0.0161758330236591,0.0161758330236591,0.0161479623436145,0.01619673603369255,4.143656846802458e-12,1.0
LI-Small,B4_v2_no_hardneg,0.0,0.0162037037037037,0.0162037037037037,0.0162037037037037,0.0162037037037037,7.687298972140174e-13,1.0
LI-Small,B5_fogliato_neyman,0.0,0.11202275642298525,0.11202275642298525,0.08595603031543103,0.14231181774752746,8.881784197001252e-16,1.0
LI-Small,B6_leskovec_rw,0.0,0.3213333333333333,0.3213333333333333,0.29288888888888887,0.3537777777777778,1.1005953671681166e-11,1.0
LI-Small,B7_gao_stratified,0.0,0.33083422917253796,0.33083422917253796,0.3063897847280935,0.361041220885879,1.458156842173889e-11,1.0
