strategy,dataset,llm_model,prompting,seed,tau,n_llm_consulted,n_llm_flipped,llm_pct,w_precision,w_recall,w_f1,TP,FP,FN,TN,uw_precision,uw_recall,uw_f1
recall_gate,HI-Small,Qwen3.5-397B-A17B,ICL-ZS,42,0.001,2837,2820,75.6,0.0013,1.0,0.0027,1251,2333,0,169,0.3491,1.0,0.5175
recall_gate,HI-Small,Qwen3.5-397B-A17B,ICL-ZS,42,0.006,2009,1997,53.5,0.0022,0.9728,0.0043,1217,1544,34,958,0.4408,0.9728,0.6067
recall_gate,HI-Small,Qwen3.5-397B-A17B,ICL-ZS,42,0.011,1628,1619,43.4,0.003,0.9528,0.0061,1192,1191,59,1311,0.5002,0.9528,0.656
recall_gate,HI-Small,Qwen3.5-397B-A17B,ICL-ZS,42,0.016,1408,1403,37.5,0.004,0.9416,0.0079,1178,989,73,1513,0.5436,0.9416,0.6893
recall_gate,HI-Small,Qwen3.5-397B-A17B,ICL-ZS,42,0.021,1262,1261,33.6,0.0049,0.9273,0.0097,1160,865,91,1637,0.5728,0.9273,0.7082
recall_gate,HI-Small,Qwen3.5-397B-A17B,ICL-ZS,42,0.026,1175,1174,31.3,0.0057,0.9169,0.0113,1147,791,104,1711,0.5918,0.9169,0.7193
recall_gate,HI-Small,Qwen3.5-397B-A17B,ICL-ZS,42,0.031,1081,1080,28.8,0.0068,0.9033,0.0135,1130,714,121,1788,0.6128,0.9033,0.7302
recall_gate,HI-Small,Qwen3.5-397B-A17B,ICL-ZS,42,0.036,1015,1014,27.0,0.0079,0.8929,0.0157,1117,661,134,1841,0.6282,0.8929,0.7375
recall_gate,HI-Small,Qwen3.5-397B-A17B,ICL-ZS,42,0.041,959,958,25.6,0.0089,0.8785,0.0176,1099,623,152,1879,0.6382,0.8785,0.7393
recall_gate,HI-Small,Qwen3.5-397B-A17B,ICL-ZS,42,0.046,906,905,24.1,0.0103,0.8665,0.0203,1084,585,167,1917,0.6495,0.8665,0.7425
recall_gate,HI-Small,Qwen3.5-397B-A17B,ICL-ZS,42,0.051,863,862,23.0,0.0112,0.8505,0.0221,1064,562,187,1940,0.6544,0.8505,0.7397
recall_gate,HI-Small,Qwen3.5-397B-A17B,ICL-ZS,42,0.056,829,828,22.1,0.0121,0.8377,0.0239,1048,544,203,1958,0.6583,0.8377,0.7372
recall_gate,HI-Small,Qwen3.5-397B-A17B,ICL-ZS,42,0.061,797,796,21.2,0.0135,0.8281,0.0265,1036,524,215,1978,0.6641,0.8281,0.7371
recall_gate,HI-Small,Qwen3.5-397B-A17B,ICL-ZS,42,0.066,766,765,20.4,0.0149,0.8177,0.0293,1023,506,228,1996,0.6691,0.8177,0.736
recall_gate,HI-Small,Qwen3.5-397B-A17B,ICL-ZS,42,0.071,744,743,19.8,0.0161,0.8098,0.0316,1013,494,238,2008,0.6722,0.8098,0.7346
recall_gate,HI-Small,Qwen3.5-397B-A17B,ICL-ZS,42,0.076,720,719,19.2,0.0172,0.7986,0.0336,999,484,252,2018,0.6736,0.7986,0.7308
recall_gate,HI-Small,Qwen3.5-397B-A17B,ICL-ZS,42,0.081,698,697,18.6,0.0185,0.789,0.0361,987,474,264,2028,0.6756,0.789,0.7279
recall_gate,HI-Small,Qwen3.5-397B-A17B,ICL-ZS,42,0.086,679,678,18.1,0.0194,0.7794,0.0379,975,467,276,2035,0.6761,0.7794,0.7241
recall_gate,HI-Small,Qwen3.5-397B-A17B,ICL-ZS,42,0.091,665,664,17.7,0.0207,0.7738,0.0402,968,460,283,2042,0.6779,0.7738,0.7227
recall_gate,HI-Small,Qwen3.5-397B-A17B,ICL-ZS,42,0.096,652,651,17.4,0.0218,0.7682,0.0424,961,454,290,2048,0.6792,0.7682,0.7209
recall_gate,HI-Small,Qwen3.5-397B-A17B,ICL-ZS,42,0.101,640,639,17.1,0.0232,0.7634,0.045,955,448,296,2054,0.6807,0.7634,0.7197
recall_gate,HI-Small,Qwen3.5-397B-A17B,ICL-ZS,42,0.106,629,628,16.8,0.0241,0.7578,0.0467,948,444,303,2058,0.681,0.7578,0.7174
recall_gate,HI-Small,Qwen3.5-397B-A17B,ICL-ZS,42,0.111,616,615,16.4,0.0265,0.7538,0.0512,943,436,308,2066,0.6838,0.7538,0.7171
recall_gate,HI-Small,Qwen3.5-397B-A17B,ICL-ZS,42,0.116,603,602,16.1,0.0277,0.7466,0.0535,934,432,317,2070,0.6837,0.7466,0.7138
recall_gate,HI-Small,Qwen3.5-397B-A17B,ICL-ZS,42,0.121,589,588,15.7,0.0286,0.7378,0.0551,923,429,328,2073,0.6827,0.7378,0.7092
recall_gate,HI-Small,Qwen3.5-397B-A17B,ICL-ZS,42,0.126,578,577,15.4,0.0307,0.733,0.0589,917,424,334,2078,0.6838,0.733,0.7076
recall_gate,HI-Small,Qwen3.5-397B-A17B,ICL-ZS,42,0.131,569,568,15.2,0.0314,0.7274,0.0602,910,422,341,2080,0.6832,0.7274,0.7046
recall_gate,HI-Small,Qwen3.5-397B-A17B,ICL-ZS,42,0.136,560,559,14.9,0.0334,0.7234,0.0639,905,418,346,2084,0.6841,0.7234,0.7032
recall_gate,HI-Small,Qwen3.5-397B-A17B,ICL-ZS,42,0.141,553,552,14.7,0.0358,0.721,0.0682,902,414,349,2088,0.6854,0.721,0.7028
recall_gate,HI-Small,Qwen3.5-397B-A17B,ICL-ZS,42,0.146,543,543,14.5,0.0393,0.7178,0.0745,898,409,353,2093,0.6871,0.7178,0.7021
recall_gate,HI-Small,Qwen3.5-397B-A17B,ICL-ZS,42,0.151,535,535,14.3,0.0417,0.7138,0.0787,893,406,358,2096,0.6875,0.7138,0.7004
recall_gate,HI-Small,Qwen3.5-397B-A17B,ICL-ZS,42,0.156,532,532,14.2,0.0415,0.7114,0.0785,890,406,361,2096,0.6867,0.7114,0.6989
recall_gate,HI-Small,Qwen3.5-397B-A17B,ICL-ZS,42,0.161,530,530,14.1,0.0414,0.7098,0.0783,888,406,363,2096,0.6862,0.7098,0.6978
recall_gate,HI-Small,Qwen3.5-397B-A17B,ICL-ZS,42,0.166,520,520,13.9,0.044,0.7042,0.0828,881,403,370,2099,0.6861,0.7042,0.6951
recall_gate,HI-Small,Qwen3.5-397B-A17B,ICL-ZS,42,0.171,511,511,13.6,0.047,0.6994,0.0881,875,400,376,2102,0.6863,0.6994,0.6928
recall_gate,HI-Small,Qwen3.5-397B-A17B,ICL-ZS,42,0.176,500,500,13.3,0.0519,0.6938,0.0966,868,396,383,2106,0.6867,0.6938,0.6903
recall_gate,HI-Small,Qwen3.5-397B-A17B,ICL-ZS,42,0.181,494,494,13.2,0.0531,0.6898,0.0987,863,395,388,2107,0.686,0.6898,0.6879
recall_gate,HI-Small,Qwen3.5-397B-A17B,ICL-ZS,42,0.186,486,486,12.9,0.0598,0.6867,0.11,859,391,392,2111,0.6872,0.6867,0.6869
recall_gate,HI-Small,Qwen3.5-397B-A17B,ICL-ZS,42,0.191,483,483,12.9,0.0639,0.6859,0.1169,858,389,393,2113,0.6881,0.6859,0.6869
recall_gate,HI-Small,Qwen3.5-397B-A17B,ICL-ZS,42,0.196,476,476,12.7,0.0683,0.6819,0.1242,853,387,398,2115,0.6879,0.6819,0.6849
recall_gate,HI-Small,Qwen3.5-397B-A17B,ICL-ZS,42,0.201,473,473,12.6,0.0709,0.6803,0.1284,851,386,400,2116,0.688,0.6803,0.6841
recall_gate,HI-Small,Qwen3.5-397B-A17B,ICL-ZS,42,0.206,468,468,12.5,0.0766,0.6779,0.1377,848,384,403,2118,0.6883,0.6779,0.683
recall_gate,HI-Small,Qwen3.5-397B-A17B,ICL-ZS,42,0.211,464,464,12.4,0.0835,0.6763,0.1487,846,382,405,2120,0.6889,0.6763,0.6825
recall_gate,HI-Small,Qwen3.5-397B-A17B,ICL-ZS,42,0.216,458,458,12.2,0.0871,0.6723,0.1543,841,381,410,2121,0.6882,0.6723,0.6801
recall_gate,HI-Small,Qwen3.5-397B-A17B,ICL-ZS,42,0.221,451,451,12.0,0.096,0.6683,0.1679,836,379,415,2123,0.6881,0.6683,0.678
recall_gate,HI-Small,Qwen3.5-397B-A17B,ICL-ZS,42,0.226,449,449,12.0,0.1014,0.6675,0.176,835,378,416,2124,0.6884,0.6675,0.6778
recall_gate,HI-Small,Qwen3.5-397B-A17B,ICL-ZS,42,0.231,446,446,11.9,0.101,0.6651,0.1754,832,378,419,2124,0.6876,0.6651,0.6761
recall_gate,HI-Small,Qwen3.5-397B-A17B,ICL-ZS,42,0.236,441,441,11.8,0.1067,0.6619,0.1837,828,377,423,2125,0.6871,0.6619,0.6743
recall_gate,HI-Small,Qwen3.5-397B-A17B,ICL-ZS,42,0.241,438,438,11.7,0.1212,0.6611,0.2049,827,375,424,2127,0.688,0.6611,0.6743
recall_gate,HI-Small,Qwen3.5-397B-A17B,ICL-ZS,42,0.246,433,433,11.5,0.1401,0.6587,0.2311,824,373,427,2129,0.6884,0.6587,0.6732
recall_gate,HI-Small,Qwen3.5-397B-A17B,ICL-ZS,42,0.251,431,431,11.5,0.1398,0.6571,0.2306,822,373,429,2129,0.6879,0.6571,0.6721
recall_gate,HI-Small,Qwen3.5-397B-A17B,ICL-ZS,42,0.256,423,423,11.3,0.1509,0.6515,0.245,815,372,436,2130,0.6866,0.6515,0.6686
recall_gate,HI-Small,Qwen3.5-397B-A17B,ICL-ZS,42,0.261,419,419,11.2,0.1647,0.6491,0.2628,812,371,439,2131,0.6864,0.6491,0.6672
recall_gate,HI-Small,Qwen3.5-397B-A17B,ICL-ZS,42,0.266,418,418,11.1,0.1645,0.6483,0.2625,811,371,440,2131,0.6861,0.6483,0.6667
recall_gate,HI-Small,Qwen3.5-397B-A17B,ICL-ZS,42,0.271,414,414,11.0,0.2029,0.6467,0.3088,809,369,442,2133,0.6868,0.6467,0.6661
recall_gate,HI-Small,Qwen3.5-397B-A17B,ICL-ZS,42,0.276,411,411,11.0,0.2023,0.6443,0.3079,806,369,445,2133,0.686,0.6443,0.6645
recall_gate,HI-Small,Qwen3.5-397B-A17B,ICL-ZS,42,0.281,410,410,10.9,0.2021,0.6435,0.3075,805,369,446,2133,0.6857,0.6435,0.6639
recall_gate,HI-Small,Qwen3.5-397B-A17B,ICL-ZS,42,0.286,405,405,10.8,0.2282,0.6403,0.3364,801,368,450,2134,0.6852,0.6403,0.662
recall_gate,HI-Small,Qwen3.5-397B-A17B,ICL-ZS,42,0.291,401,401,10.7,0.3109,0.6387,0.4182,799,366,452,2136,0.6858,0.6387,0.6614
recall_gate,HI-Small,Qwen3.5-397B-A17B,ICL-ZS,42,0.296,398,398,10.6,0.3101,0.6363,0.417,796,366,455,2136,0.685,0.6363,0.6598
recall_gate,HI-Small,Qwen3.5-397B-A17B,ICL-ZS,42,0.301,397,397,10.6,0.3098,0.6355,0.4166,795,366,456,2136,0.6848,0.6355,0.6592
recall_gate,HI-Small,Qwen3.5-397B-A17B,ICL-ZS,42,0.306,395,395,10.5,0.3093,0.6339,0.4157,793,366,458,2136,0.6842,0.6339,0.6581
recall_gate,HI-Small,Qwen3.5-397B-A17B,ICL-ZS,42,0.311,394,394,10.5,0.3786,0.6339,0.474,793,365,458,2137,0.6848,0.6339,0.6584
recall_gate,HI-Small,Qwen3.5-397B-A17B,ICL-ZS,42,0.316,391,391,10.4,0.3777,0.6315,0.4727,790,365,461,2137,0.684,0.6315,0.6567
recall_gate,HI-Small,Qwen3.5-397B-A17B,ICL-ZS,42,0.321,387,387,10.3,0.486,0.6291,0.5484,787,364,464,2138,0.6838,0.6291,0.6553
recall_gate,HI-Small,Qwen3.5-397B-A17B,ICL-ZS,42,0.326,384,384,10.2,0.485,0.6267,0.5468,784,364,467,2138,0.6829,0.6267,0.6536
recall_gate,HI-Small,Qwen3.5-397B-A17B,ICL-ZS,42,0.331,381,381,10.2,0.683,0.6251,0.6528,782,363,469,2139,0.683,0.6251,0.6528
recall_gate,HI-Small,Qwen3.5-397B-A17B,ICL-ZS,42,0.336,377,377,10.0,0.6819,0.6219,0.6505,778,363,473,2139,0.6819,0.6219,0.6505
recall_gate,HI-Small,Qwen3.5-397B-A17B,ICL-ZS,42,0.341,374,374,10.0,0.681,0.6195,0.6488,775,363,476,2139,0.681,0.6195,0.6488
recall_gate,HI-Small,Qwen3.5-397B-A17B,ICL-ZS,42,0.346,372,372,9.9,0.6805,0.6179,0.6477,773,363,478,2139,0.6805,0.6179,0.6477
recall_gate,HI-Small,Qwen3.5-397B-A17B,ICL-ZS,42,0.351,372,372,9.9,0.6805,0.6179,0.6477,773,363,478,2139,0.6805,0.6179,0.6477
recall_gate,HI-Small,Qwen3.5-397B-A17B,ICL-ZS,42,0.356,367,367,9.8,0.679,0.6139,0.6448,768,363,483,2139,0.679,0.6139,0.6448
recall_gate,HI-Small,Qwen3.5-397B-A17B,ICL-ZS,42,0.361,366,366,9.8,0.6788,0.6131,0.6443,767,363,484,2139,0.6788,0.6131,0.6443
recall_gate,HI-Small,Qwen3.5-397B-A17B,ICL-ZS,42,0.366,363,363,9.7,0.6779,0.6107,0.6426,764,363,487,2139,0.6779,0.6107,0.6426
recall_gate,HI-Small,Qwen3.5-397B-A17B,ICL-ZS,42,0.371,359,359,9.6,0.6768,0.6075,0.6403,760,363,491,2139,0.6768,0.6075,0.6403
recall_gate,HI-Small,Qwen3.5-397B-A17B,ICL-ZS,42,0.376,359,359,9.6,0.6768,0.6075,0.6403,760,363,491,2139,0.6768,0.6075,0.6403
recall_gate,HI-Small,Qwen3.5-397B-A17B,ICL-ZS,42,0.381,359,359,9.6,0.6768,0.6075,0.6403,760,363,491,2139,0.6768,0.6075,0.6403
recall_gate,HI-Small,Qwen3.5-397B-A17B,ICL-ZS,42,0.386,359,359,9.6,0.6768,0.6075,0.6403,760,363,491,2139,0.6768,0.6075,0.6403
recall_gate,HI-Small,Qwen3.5-397B-A17B,ICL-ZS,42,0.391,358,358,9.5,0.6765,0.6067,0.6397,759,363,492,2139,0.6765,0.6067,0.6397
recall_gate,HI-Small,Qwen3.5-397B-A17B,ICL-ZS,42,0.396,358,358,9.5,0.6765,0.6067,0.6397,759,363,492,2139,0.6765,0.6067,0.6397
recall_gate,HI-Small,Qwen3.5-397B-A17B,ICL-ZS,42,0.401,356,356,9.5,0.6768,0.6059,0.6394,758,362,493,2140,0.6768,0.6059,0.6394
recall_gate,HI-Small,Qwen3.5-397B-A17B,ICL-ZS,42,0.406,351,351,9.4,0.6798,0.6059,0.6407,758,357,493,2145,0.6798,0.6059,0.6407
recall_gate,HI-Small,Qwen3.5-397B-A17B,ICL-ZS,42,0.411,345,345,9.2,0.6835,0.6059,0.6424,758,351,493,2151,0.6835,0.6059,0.6424
recall_gate,HI-Small,Qwen3.5-397B-A17B,ICL-ZS,42,0.416,338,338,9.0,0.6869,0.6051,0.6434,757,345,494,2157,0.6869,0.6051,0.6434
recall_gate,HI-Small,Qwen3.5-397B-A17B,ICL-ZS,42,0.421,333,333,8.9,0.6882,0.6035,0.6431,755,342,496,2160,0.6882,0.6035,0.6431
recall_gate,HI-Small,Qwen3.5-397B-A17B,ICL-ZS,42,0.426,326,326,8.7,0.6908,0.6019,0.6433,753,337,498,2165,0.6908,0.6019,0.6433
recall_gate,HI-Small,Qwen3.5-397B-A17B,ICL-ZS,42,0.431,322,322,8.6,0.6934,0.6019,0.6444,753,333,498,2169,0.6934,0.6019,0.6444
recall_gate,HI-Small,Qwen3.5-397B-A17B,ICL-ZS,42,0.436,318,318,8.5,0.6941,0.6003,0.6438,751,331,500,2171,0.6941,0.6003,0.6438
recall_gate,HI-Small,Qwen3.5-397B-A17B,ICL-ZS,42,0.441,313,313,8.3,0.6964,0.5995,0.6443,750,327,501,2175,0.6964,0.5995,0.6443
recall_gate,HI-Small,Qwen3.5-397B-A17B,ICL-ZS,42,0.446,308,308,8.2,0.6987,0.5987,0.6449,749,323,502,2179,0.6987,0.5987,0.6449
recall_gate,HI-Small,Qwen3.5-397B-A17B,ICL-ZS,42,0.451,301,301,8.0,0.7023,0.5979,0.6459,748,317,503,2185,0.7023,0.5979,0.6459
recall_gate,HI-Small,Qwen3.5-397B-A17B,ICL-ZS,42,0.456,294,294,7.8,0.706,0.5971,0.647,747,311,504,2191,0.706,0.5971,0.647
recall_gate,HI-Small,Qwen3.5-397B-A17B,ICL-ZS,42,0.461,285,285,7.6,0.7112,0.5963,0.6487,746,303,505,2199,0.7112,0.5963,0.6487
recall_gate,HI-Small,Qwen3.5-397B-A17B,ICL-ZS,42,0.466,280,280,7.5,0.7146,0.5963,0.6501,746,298,505,2204,0.7146,0.5963,0.6501
recall_gate,HI-Small,Qwen3.5-397B-A17B,ICL-ZS,42,0.471,274,274,7.3,0.7187,0.5963,0.6518,746,292,505,2210,0.7187,0.5963,0.6518
recall_gate,HI-Small,Qwen3.5-397B-A17B,ICL-ZS,42,0.476,268,268,7.1,0.7229,0.5963,0.6535,746,286,505,2216,0.7229,0.5963,0.6535
recall_gate,HI-Small,Qwen3.5-397B-A17B,ICL-ZS,42,0.481,265,265,7.1,0.724,0.5955,0.6535,745,284,506,2218,0.724,0.5955,0.6535
recall_gate,HI-Small,Qwen3.5-397B-A17B,ICL-ZS,42,0.486,260,260,6.9,0.7275,0.5955,0.6549,745,279,506,2223,0.7275,0.5955,0.6549
recall_gate,HI-Small,Qwen3.5-397B-A17B,ICL-ZS,42,0.491,256,256,6.8,0.7304,0.5955,0.6561,745,275,506,2227,0.7304,0.5955,0.6561
recall_gate,HI-Small,Qwen3.5-397B-A17B,ICL-ZS,42,0.496,249,249,6.6,0.7354,0.5955,0.6581,745,268,506,2234,0.7354,0.5955,0.6581
precision_gate,HI-Small,Qwen3.5-397B-A17B,ICL-ZS,42,0.5,0,0,0.0,0.9346,0.5707,0.7087,714,50,537,2452,0.9346,0.5707,0.7087
precision_gate,HI-Small,Qwen3.5-397B-A17B,ICL-ZS,42,0.505,0,0,0.0,0.9346,0.5707,0.7087,714,50,537,2452,0.9346,0.5707,0.7087
precision_gate,HI-Small,Qwen3.5-397B-A17B,ICL-ZS,42,0.51,0,0,0.0,0.9346,0.5707,0.7087,714,50,537,2452,0.9346,0.5707,0.7087
precision_gate,HI-Small,Qwen3.5-397B-A17B,ICL-ZS,42,0.515,0,0,0.0,0.9346,0.5707,0.7087,714,50,537,2452,0.9346,0.5707,0.7087
precision_gate,HI-Small,Qwen3.5-397B-A17B,ICL-ZS,42,0.52,0,0,0.0,0.9346,0.5707,0.7087,714,50,537,2452,0.9346,0.5707,0.7087
precision_gate,HI-Small,Qwen3.5-397B-A17B,ICL-ZS,42,0.525,0,0,0.0,0.9346,0.5707,0.7087,714,50,537,2452,0.9346,0.5707,0.7087
precision_gate,HI-Small,Qwen3.5-397B-A17B,ICL-ZS,42,0.53,0,0,0.0,0.9346,0.5707,0.7087,714,50,537,2452,0.9346,0.5707,0.7087
precision_gate,HI-Small,Qwen3.5-397B-A17B,ICL-ZS,42,0.535,0,0,0.0,0.9346,0.5707,0.7087,714,50,537,2452,0.9346,0.5707,0.7087
precision_gate,HI-Small,Qwen3.5-397B-A17B,ICL-ZS,42,0.54,0,0,0.0,0.9346,0.5707,0.7087,714,50,537,2452,0.9346,0.5707,0.7087
precision_gate,HI-Small,Qwen3.5-397B-A17B,ICL-ZS,42,0.545,0,0,0.0,0.9346,0.5707,0.7087,714,50,537,2452,0.9346,0.5707,0.7087
precision_gate,HI-Small,Qwen3.5-397B-A17B,ICL-ZS,42,0.55,0,0,0.0,0.9346,0.5707,0.7087,714,50,537,2452,0.9346,0.5707,0.7087
precision_gate,HI-Small,Qwen3.5-397B-A17B,ICL-ZS,42,0.555,0,0,0.0,0.9346,0.5707,0.7087,714,50,537,2452,0.9346,0.5707,0.7087
precision_gate,HI-Small,Qwen3.5-397B-A17B,ICL-ZS,42,0.56,0,0,0.0,0.9346,0.5707,0.7087,714,50,537,2452,0.9346,0.5707,0.7087
precision_gate,HI-Small,Qwen3.5-397B-A17B,ICL-ZS,42,0.565,0,0,0.0,0.9346,0.5707,0.7087,714,50,537,2452,0.9346,0.5707,0.7087
precision_gate,HI-Small,Qwen3.5-397B-A17B,ICL-ZS,42,0.57,0,0,0.0,0.9346,0.5707,0.7087,714,50,537,2452,0.9346,0.5707,0.7087
precision_gate,HI-Small,Qwen3.5-397B-A17B,ICL-ZS,42,0.575,0,0,0.0,0.9346,0.5707,0.7087,714,50,537,2452,0.9346,0.5707,0.7087
precision_gate,HI-Small,Qwen3.5-397B-A17B,ICL-ZS,42,0.58,0,0,0.0,0.9346,0.5707,0.7087,714,50,537,2452,0.9346,0.5707,0.7087
precision_gate,HI-Small,Qwen3.5-397B-A17B,ICL-ZS,42,0.585,0,0,0.0,0.9346,0.5707,0.7087,714,50,537,2452,0.9346,0.5707,0.7087
precision_gate,HI-Small,Qwen3.5-397B-A17B,ICL-ZS,42,0.59,0,0,0.0,0.9346,0.5707,0.7087,714,50,537,2452,0.9346,0.5707,0.7087
precision_gate,HI-Small,Qwen3.5-397B-A17B,ICL-ZS,42,0.595,0,0,0.0,0.9346,0.5707,0.7087,714,50,537,2452,0.9346,0.5707,0.7087
precision_gate,HI-Small,Qwen3.5-397B-A17B,ICL-ZS,42,0.6,0,0,0.0,0.9346,0.5707,0.7087,714,50,537,2452,0.9346,0.5707,0.7087
precision_gate,HI-Small,Qwen3.5-397B-A17B,ICL-ZS,42,0.605,0,0,0.0,0.9346,0.5707,0.7087,714,50,537,2452,0.9346,0.5707,0.7087
precision_gate,HI-Small,Qwen3.5-397B-A17B,ICL-ZS,42,0.61,0,0,0.0,0.9346,0.5707,0.7087,714,50,537,2452,0.9346,0.5707,0.7087
precision_gate,HI-Small,Qwen3.5-397B-A17B,ICL-ZS,42,0.615,0,0,0.0,0.9346,0.5707,0.7087,714,50,537,2452,0.9346,0.5707,0.7087
precision_gate,HI-Small,Qwen3.5-397B-A17B,ICL-ZS,42,0.62,0,0,0.0,0.9346,0.5707,0.7087,714,50,537,2452,0.9346,0.5707,0.7087
precision_gate,HI-Small,Qwen3.5-397B-A17B,ICL-ZS,42,0.625,0,0,0.0,0.9346,0.5707,0.7087,714,50,537,2452,0.9346,0.5707,0.7087
precision_gate,HI-Small,Qwen3.5-397B-A17B,ICL-ZS,42,0.63,0,0,0.0,0.9346,0.5707,0.7087,714,50,537,2452,0.9346,0.5707,0.7087
precision_gate,HI-Small,Qwen3.5-397B-A17B,ICL-ZS,42,0.635,0,0,0.0,0.9346,0.5707,0.7087,714,50,537,2452,0.9346,0.5707,0.7087
precision_gate,HI-Small,Qwen3.5-397B-A17B,ICL-ZS,42,0.64,0,0,0.0,0.9346,0.5707,0.7087,714,50,537,2452,0.9346,0.5707,0.7087
precision_gate,HI-Small,Qwen3.5-397B-A17B,ICL-ZS,42,0.645,0,0,0.0,0.9346,0.5707,0.7087,714,50,537,2452,0.9346,0.5707,0.7087
precision_gate,HI-Small,Qwen3.5-397B-A17B,ICL-ZS,42,0.65,0,0,0.0,0.9346,0.5707,0.7087,714,50,537,2452,0.9346,0.5707,0.7087
precision_gate,HI-Small,Qwen3.5-397B-A17B,ICL-ZS,42,0.655,0,0,0.0,0.9346,0.5707,0.7087,714,50,537,2452,0.9346,0.5707,0.7087
precision_gate,HI-Small,Qwen3.5-397B-A17B,ICL-ZS,42,0.66,0,0,0.0,0.9346,0.5707,0.7087,714,50,537,2452,0.9346,0.5707,0.7087
precision_gate,HI-Small,Qwen3.5-397B-A17B,ICL-ZS,42,0.665,0,0,0.0,0.9346,0.5707,0.7087,714,50,537,2452,0.9346,0.5707,0.7087
precision_gate,HI-Small,Qwen3.5-397B-A17B,ICL-ZS,42,0.67,0,0,0.0,0.9346,0.5707,0.7087,714,50,537,2452,0.9346,0.5707,0.7087
precision_gate,HI-Small,Qwen3.5-397B-A17B,ICL-ZS,42,0.675,0,0,0.0,0.9346,0.5707,0.7087,714,50,537,2452,0.9346,0.5707,0.7087
precision_gate,HI-Small,Qwen3.5-397B-A17B,ICL-ZS,42,0.68,0,0,0.0,0.9346,0.5707,0.7087,714,50,537,2452,0.9346,0.5707,0.7087
precision_gate,HI-Small,Qwen3.5-397B-A17B,ICL-ZS,42,0.685,0,0,0.0,0.9346,0.5707,0.7087,714,50,537,2452,0.9346,0.5707,0.7087
precision_gate,HI-Small,Qwen3.5-397B-A17B,ICL-ZS,42,0.69,0,0,0.0,0.9346,0.5707,0.7087,714,50,537,2452,0.9346,0.5707,0.7087
precision_gate,HI-Small,Qwen3.5-397B-A17B,ICL-ZS,42,0.695,0,0,0.0,0.9346,0.5707,0.7087,714,50,537,2452,0.9346,0.5707,0.7087
precision_gate,HI-Small,Qwen3.5-397B-A17B,ICL-ZS,42,0.7,0,0,0.0,0.9346,0.5707,0.7087,714,50,537,2452,0.9346,0.5707,0.7087
precision_gate,HI-Small,Qwen3.5-397B-A17B,ICL-ZS,42,0.705,0,0,0.0,0.9346,0.5707,0.7087,714,50,537,2452,0.9346,0.5707,0.7087
precision_gate,HI-Small,Qwen3.5-397B-A17B,ICL-ZS,42,0.71,0,0,0.0,0.9346,0.5707,0.7087,714,50,537,2452,0.9346,0.5707,0.7087
precision_gate,HI-Small,Qwen3.5-397B-A17B,ICL-ZS,42,0.715,0,0,0.0,0.9346,0.5707,0.7087,714,50,537,2452,0.9346,0.5707,0.7087
precision_gate,HI-Small,Qwen3.5-397B-A17B,ICL-ZS,42,0.72,0,0,0.0,0.9346,0.5707,0.7087,714,50,537,2452,0.9346,0.5707,0.7087
precision_gate,HI-Small,Qwen3.5-397B-A17B,ICL-ZS,42,0.725,0,0,0.0,0.9346,0.5707,0.7087,714,50,537,2452,0.9346,0.5707,0.7087
precision_gate,HI-Small,Qwen3.5-397B-A17B,ICL-ZS,42,0.73,0,0,0.0,0.9346,0.5707,0.7087,714,50,537,2452,0.9346,0.5707,0.7087
precision_gate,HI-Small,Qwen3.5-397B-A17B,ICL-ZS,42,0.735,0,0,0.0,0.9346,0.5707,0.7087,714,50,537,2452,0.9346,0.5707,0.7087
precision_gate,HI-Small,Qwen3.5-397B-A17B,ICL-ZS,42,0.74,0,0,0.0,0.9346,0.5707,0.7087,714,50,537,2452,0.9346,0.5707,0.7087
precision_gate,HI-Small,Qwen3.5-397B-A17B,ICL-ZS,42,0.745,0,0,0.0,0.9346,0.5707,0.7087,714,50,537,2452,0.9346,0.5707,0.7087
precision_gate,HI-Small,Qwen3.5-397B-A17B,ICL-ZS,42,0.75,0,0,0.0,0.9346,0.5707,0.7087,714,50,537,2452,0.9346,0.5707,0.7087
precision_gate,HI-Small,Qwen3.5-397B-A17B,ICL-ZS,42,0.755,0,0,0.0,0.9346,0.5707,0.7087,714,50,537,2452,0.9346,0.5707,0.7087
precision_gate,HI-Small,Qwen3.5-397B-A17B,ICL-ZS,42,0.76,0,0,0.0,0.9346,0.5707,0.7087,714,50,537,2452,0.9346,0.5707,0.7087
precision_gate,HI-Small,Qwen3.5-397B-A17B,ICL-ZS,42,0.765,0,0,0.0,0.9346,0.5707,0.7087,714,50,537,2452,0.9346,0.5707,0.7087
precision_gate,HI-Small,Qwen3.5-397B-A17B,ICL-ZS,42,0.77,0,0,0.0,0.9346,0.5707,0.7087,714,50,537,2452,0.9346,0.5707,0.7087
precision_gate,HI-Small,Qwen3.5-397B-A17B,ICL-ZS,42,0.775,0,0,0.0,0.9346,0.5707,0.7087,714,50,537,2452,0.9346,0.5707,0.7087
precision_gate,HI-Small,Qwen3.5-397B-A17B,ICL-ZS,42,0.78,0,0,0.0,0.9346,0.5707,0.7087,714,50,537,2452,0.9346,0.5707,0.7087
precision_gate,HI-Small,Qwen3.5-397B-A17B,ICL-ZS,42,0.785,0,0,0.0,0.9346,0.5707,0.7087,714,50,537,2452,0.9346,0.5707,0.7087
precision_gate,HI-Small,Qwen3.5-397B-A17B,ICL-ZS,42,0.79,0,0,0.0,0.9346,0.5707,0.7087,714,50,537,2452,0.9346,0.5707,0.7087
precision_gate,HI-Small,Qwen3.5-397B-A17B,ICL-ZS,42,0.795,0,0,0.0,0.9346,0.5707,0.7087,714,50,537,2452,0.9346,0.5707,0.7087
precision_gate,HI-Small,Qwen3.5-397B-A17B,ICL-ZS,42,0.8,0,0,0.0,0.9346,0.5707,0.7087,714,50,537,2452,0.9346,0.5707,0.7087
precision_gate,HI-Small,Qwen3.5-397B-A17B,ICL-ZS,42,0.805,2,0,0.1,0.9346,0.5707,0.7087,714,50,537,2452,0.9346,0.5707,0.7087
precision_gate,HI-Small,Qwen3.5-397B-A17B,ICL-ZS,42,0.81,4,0,0.1,0.9346,0.5707,0.7087,714,50,537,2452,0.9346,0.5707,0.7087
precision_gate,HI-Small,Qwen3.5-397B-A17B,ICL-ZS,42,0.815,9,0,0.2,0.9346,0.5707,0.7087,714,50,537,2452,0.9346,0.5707,0.7087
precision_gate,HI-Small,Qwen3.5-397B-A17B,ICL-ZS,42,0.82,13,0,0.3,0.9346,0.5707,0.7087,714,50,537,2452,0.9346,0.5707,0.7087
precision_gate,HI-Small,Qwen3.5-397B-A17B,ICL-ZS,42,0.825,18,0,0.5,0.9346,0.5707,0.7087,714,50,537,2452,0.9346,0.5707,0.7087
precision_gate,HI-Small,Qwen3.5-397B-A17B,ICL-ZS,42,0.83,19,0,0.5,0.9346,0.5707,0.7087,714,50,537,2452,0.9346,0.5707,0.7087
precision_gate,HI-Small,Qwen3.5-397B-A17B,ICL-ZS,42,0.835,23,0,0.6,0.9346,0.5707,0.7087,714,50,537,2452,0.9346,0.5707,0.7087
precision_gate,HI-Small,Qwen3.5-397B-A17B,ICL-ZS,42,0.84,26,0,0.7,0.9346,0.5707,0.7087,714,50,537,2452,0.9346,0.5707,0.7087
precision_gate,HI-Small,Qwen3.5-397B-A17B,ICL-ZS,42,0.845,31,0,0.8,0.9346,0.5707,0.7087,714,50,537,2452,0.9346,0.5707,0.7087
precision_gate,HI-Small,Qwen3.5-397B-A17B,ICL-ZS,42,0.85,32,0,0.9,0.9346,0.5707,0.7087,714,50,537,2452,0.9346,0.5707,0.7087
precision_gate,HI-Small,Qwen3.5-397B-A17B,ICL-ZS,42,0.855,35,0,0.9,0.9346,0.5707,0.7087,714,50,537,2452,0.9346,0.5707,0.7087
precision_gate,HI-Small,Qwen3.5-397B-A17B,ICL-ZS,42,0.86,36,0,1.0,0.9346,0.5707,0.7087,714,50,537,2452,0.9346,0.5707,0.7087
precision_gate,HI-Small,Qwen3.5-397B-A17B,ICL-ZS,42,0.865,38,0,1.0,0.9346,0.5707,0.7087,714,50,537,2452,0.9346,0.5707,0.7087
precision_gate,HI-Small,Qwen3.5-397B-A17B,ICL-ZS,42,0.87,43,0,1.1,0.9346,0.5707,0.7087,714,50,537,2452,0.9346,0.5707,0.7087
precision_gate,HI-Small,Qwen3.5-397B-A17B,ICL-ZS,42,0.875,44,0,1.2,0.9346,0.5707,0.7087,714,50,537,2452,0.9346,0.5707,0.7087
precision_gate,HI-Small,Qwen3.5-397B-A17B,ICL-ZS,42,0.88,47,0,1.3,0.9346,0.5707,0.7087,714,50,537,2452,0.9346,0.5707,0.7087
precision_gate,HI-Small,Qwen3.5-397B-A17B,ICL-ZS,42,0.885,50,0,1.3,0.9346,0.5707,0.7087,714,50,537,2452,0.9346,0.5707,0.7087
precision_gate,HI-Small,Qwen3.5-397B-A17B,ICL-ZS,42,0.89,54,0,1.4,0.9346,0.5707,0.7087,714,50,537,2452,0.9346,0.5707,0.7087
precision_gate,HI-Small,Qwen3.5-397B-A17B,ICL-ZS,42,0.895,59,0,1.6,0.9346,0.5707,0.7087,714,50,537,2452,0.9346,0.5707,0.7087
precision_gate,HI-Small,Qwen3.5-397B-A17B,ICL-ZS,42,0.9,63,0,1.7,0.9346,0.5707,0.7087,714,50,537,2452,0.9346,0.5707,0.7087
precision_gate,HI-Small,Qwen3.5-397B-A17B,ICL-ZS,42,0.905,74,0,2.0,0.9346,0.5707,0.7087,714,50,537,2452,0.9346,0.5707,0.7087
precision_gate,HI-Small,Qwen3.5-397B-A17B,ICL-ZS,42,0.91,79,0,2.1,0.9346,0.5707,0.7087,714,50,537,2452,0.9346,0.5707,0.7087
precision_gate,HI-Small,Qwen3.5-397B-A17B,ICL-ZS,42,0.915,88,0,2.3,0.9346,0.5707,0.7087,714,50,537,2452,0.9346,0.5707,0.7087
precision_gate,HI-Small,Qwen3.5-397B-A17B,ICL-ZS,42,0.92,94,0,2.5,0.9346,0.5707,0.7087,714,50,537,2452,0.9346,0.5707,0.7087
precision_gate,HI-Small,Qwen3.5-397B-A17B,ICL-ZS,42,0.925,99,0,2.6,0.9346,0.5707,0.7087,714,50,537,2452,0.9346,0.5707,0.7087
precision_gate,HI-Small,Qwen3.5-397B-A17B,ICL-ZS,42,0.93,103,0,2.7,0.9346,0.5707,0.7087,714,50,537,2452,0.9346,0.5707,0.7087
precision_gate,HI-Small,Qwen3.5-397B-A17B,ICL-ZS,42,0.935,119,0,3.2,0.9346,0.5707,0.7087,714,50,537,2452,0.9346,0.5707,0.7087
precision_gate,HI-Small,Qwen3.5-397B-A17B,ICL-ZS,42,0.94,125,0,3.3,0.9346,0.5707,0.7087,714,50,537,2452,0.9346,0.5707,0.7087
precision_gate,HI-Small,Qwen3.5-397B-A17B,ICL-ZS,42,0.945,133,0,3.5,0.9346,0.5707,0.7087,714,50,537,2452,0.9346,0.5707,0.7087
precision_gate,HI-Small,Qwen3.5-397B-A17B,ICL-ZS,42,0.95,142,0,3.8,0.9346,0.5707,0.7087,714,50,537,2452,0.9346,0.5707,0.7087
precision_gate,HI-Small,Qwen3.5-397B-A17B,ICL-ZS,42,0.955,156,0,4.2,0.9346,0.5707,0.7087,714,50,537,2452,0.9346,0.5707,0.7087
precision_gate,HI-Small,Qwen3.5-397B-A17B,ICL-ZS,42,0.96,171,0,4.6,0.9346,0.5707,0.7087,714,50,537,2452,0.9346,0.5707,0.7087
precision_gate,HI-Small,Qwen3.5-397B-A17B,ICL-ZS,42,0.965,184,0,4.9,0.9346,0.5707,0.7087,714,50,537,2452,0.9346,0.5707,0.7087
precision_gate,HI-Small,Qwen3.5-397B-A17B,ICL-ZS,42,0.97,215,0,5.7,0.9346,0.5707,0.7087,714,50,537,2452,0.9346,0.5707,0.7087
precision_gate,HI-Small,Qwen3.5-397B-A17B,ICL-ZS,42,0.975,235,0,6.3,0.9346,0.5707,0.7087,714,50,537,2452,0.9346,0.5707,0.7087
precision_gate,HI-Small,Qwen3.5-397B-A17B,ICL-ZS,42,0.98,285,0,7.6,0.9346,0.5707,0.7087,714,50,537,2452,0.9346,0.5707,0.7087
precision_gate,HI-Small,Qwen3.5-397B-A17B,ICL-ZS,42,0.985,360,0,9.6,0.9346,0.5707,0.7087,714,50,537,2452,0.9346,0.5707,0.7087
