strategy,dataset,llm_model,prompting,seed,ml_threshold,tau,n_llm_consulted,n_llm_flipped,llm_pct,w_precision,w_recall,w_f1,TP,FP,FN,TN,uw_precision,uw_recall,uw_f1,w_typ_f1,w_typ_acc
recall_gate,HI-Small,Nemotron-3-Nano-30B,ICL-FS,42,0.8,0.001,963,871,25.7,0.0128,0.9361,0.0252,1171,538,80,1964,0.6852,0.9361,0.7912,0.5804,0.5047
recall_gate,HI-Small,Nemotron-3-Nano-30B,ICL-FS,42,0.8,0.006,682,651,18.2,0.039,0.8681,0.0747,1086,403,165,2099,0.7293,0.8681,0.7927,0.5951,0.5443
recall_gate,HI-Small,Nemotron-3-Nano-30B,ICL-FS,42,0.8,0.011,600,578,16.0,0.0651,0.8297,0.1207,1038,378,213,2124,0.7331,0.8297,0.7784,0.6043,0.5689
recall_gate,HI-Small,Nemotron-3-Nano-30B,ICL-FS,42,0.8,0.016,553,534,14.7,0.0936,0.8034,0.1676,1005,367,246,2135,0.7325,0.8034,0.7663,0.613,0.5876
recall_gate,HI-Small,Nemotron-3-Nano-30B,ICL-FS,42,0.8,0.021,518,500,13.8,0.1238,0.781,0.2137,977,361,274,2141,0.7302,0.781,0.7547,0.6204,0.6045
recall_gate,HI-Small,Nemotron-3-Nano-30B,ICL-FS,42,0.8,0.026,481,463,12.8,0.1713,0.7554,0.2793,945,356,306,2146,0.7264,0.7554,0.7406,0.6298,0.625
recall_gate,HI-Small,Nemotron-3-Nano-30B,ICL-FS,42,0.8,0.031,454,436,12.1,0.183,0.7346,0.2931,919,355,332,2147,0.7214,0.7346,0.7279,0.6384,0.6427
recall_gate,HI-Small,Nemotron-3-Nano-30B,ICL-FS,42,0.8,0.036,434,416,11.6,0.1798,0.7186,0.2876,899,355,352,2147,0.7169,0.7186,0.7178,0.6442,0.657
recall_gate,HI-Small,Nemotron-3-Nano-30B,ICL-FS,42,0.8,0.041,411,393,11.0,0.176,0.7002,0.2813,876,355,375,2147,0.7116,0.7002,0.7059,0.6512,0.6743
recall_gate,HI-Small,Nemotron-3-Nano-30B,ICL-FS,42,0.8,0.046,392,375,10.4,0.1913,0.6867,0.2992,859,354,392,2148,0.7082,0.6867,0.6972,0.6542,0.6868
recall_gate,HI-Small,Nemotron-3-Nano-30B,ICL-FS,42,0.8,0.051,373,356,9.9,0.2381,0.6731,0.3518,842,352,409,2150,0.7052,0.6731,0.6888,0.6606,0.7007
recall_gate,HI-Small,Nemotron-3-Nano-30B,ICL-FS,42,0.8,0.056,358,341,9.5,0.2349,0.6611,0.3466,827,352,424,2150,0.7014,0.6611,0.6807,0.6657,0.7134
recall_gate,HI-Small,Nemotron-3-Nano-30B,ICL-FS,42,0.8,0.061,352,335,9.4,0.2336,0.6563,0.3445,821,352,430,2150,0.6999,0.6563,0.6774,0.6689,0.7186
recall_gate,HI-Small,Nemotron-3-Nano-30B,ICL-FS,42,0.8,0.066,343,327,9.1,0.2318,0.6499,0.3418,813,352,438,2150,0.6979,0.6499,0.673,0.6703,0.7257
recall_gate,HI-Small,Nemotron-3-Nano-30B,ICL-FS,42,0.8,0.071,334,318,8.9,0.2657,0.6435,0.3761,805,351,446,2151,0.6964,0.6435,0.6689,0.6723,0.7329
recall_gate,HI-Small,Nemotron-3-Nano-30B,ICL-FS,42,0.8,0.076,329,313,8.8,0.2645,0.6395,0.3742,800,351,451,2151,0.695,0.6395,0.6661,0.6733,0.7375
recall_gate,HI-Small,Nemotron-3-Nano-30B,ICL-FS,42,0.8,0.081,323,307,8.6,0.2631,0.6347,0.372,794,351,457,2151,0.6934,0.6347,0.6628,0.6744,0.7431
recall_gate,HI-Small,Nemotron-3-Nano-30B,ICL-FS,42,0.8,0.086,319,303,8.5,0.3107,0.6323,0.4166,791,350,460,2152,0.6933,0.6323,0.6614,0.6749,0.7459
recall_gate,HI-Small,Nemotron-3-Nano-30B,ICL-FS,42,0.8,0.091,318,302,8.5,0.3104,0.6315,0.4162,790,350,461,2152,0.693,0.6315,0.6608,0.6751,0.7468
recall_gate,HI-Small,Nemotron-3-Nano-30B,ICL-FS,42,0.8,0.096,314,298,8.4,0.3093,0.6283,0.4146,786,350,465,2152,0.6919,0.6283,0.6586,0.6764,0.7506
recall_gate,HI-Small,Nemotron-3-Nano-30B,ICL-FS,42,0.8,0.101,312,296,8.3,0.3088,0.6267,0.4137,784,350,467,2152,0.6914,0.6267,0.6574,0.6775,0.7526
recall_gate,HI-Small,Nemotron-3-Nano-30B,ICL-FS,42,0.8,0.106,311,295,8.3,0.3085,0.6259,0.4133,783,350,468,2152,0.6911,0.6259,0.6569,0.6783,0.7535
recall_gate,HI-Small,Nemotron-3-Nano-30B,ICL-FS,42,0.8,0.111,307,291,8.2,0.3074,0.6227,0.4116,779,350,472,2152,0.69,0.6227,0.6546,0.679,0.7574
recall_gate,HI-Small,Nemotron-3-Nano-30B,ICL-FS,42,0.8,0.116,305,289,8.1,0.377,0.6219,0.4694,778,349,473,2153,0.6903,0.6219,0.6543,0.6808,0.7584
recall_gate,HI-Small,Nemotron-3-Nano-30B,ICL-FS,42,0.8,0.121,303,287,8.1,0.3769,0.6211,0.4691,777,348,474,2154,0.6907,0.6211,0.654,0.6817,0.7593
recall_gate,HI-Small,Nemotron-3-Nano-30B,ICL-FS,42,0.8,0.126,301,285,8.0,0.3763,0.6195,0.4682,775,348,476,2154,0.6901,0.6195,0.6529,0.6821,0.7613
recall_gate,HI-Small,Nemotron-3-Nano-30B,ICL-FS,42,0.8,0.131,298,282,7.9,0.3754,0.6171,0.4668,772,348,479,2154,0.6893,0.6171,0.6512,0.6833,0.7642
recall_gate,HI-Small,Nemotron-3-Nano-30B,ICL-FS,42,0.8,0.136,297,281,7.9,0.3751,0.6163,0.4663,771,348,480,2154,0.689,0.6163,0.6506,0.6835,0.7652
recall_gate,HI-Small,Nemotron-3-Nano-30B,ICL-FS,42,0.8,0.141,297,281,7.9,0.3751,0.6163,0.4663,771,348,480,2154,0.689,0.6163,0.6506,0.6835,0.7652
recall_gate,HI-Small,Nemotron-3-Nano-30B,ICL-FS,42,0.8,0.146,290,274,7.7,0.4853,0.6131,0.5418,767,345,484,2157,0.6897,0.6131,0.6492,0.6887,0.7692
recall_gate,HI-Small,Nemotron-3-Nano-30B,ICL-FS,42,0.8,0.151,288,272,7.7,0.4853,0.6123,0.5415,766,344,485,2158,0.6901,0.6123,0.6489,0.6889,0.7702
recall_gate,HI-Small,Nemotron-3-Nano-30B,ICL-FS,42,0.8,0.156,286,270,7.6,0.4847,0.6107,0.5404,764,344,487,2158,0.6895,0.6107,0.6477,0.6918,0.7723
recall_gate,HI-Small,Nemotron-3-Nano-30B,ICL-FS,42,0.8,0.161,281,265,7.5,0.4837,0.6075,0.5386,760,343,491,2159,0.689,0.6075,0.6457,0.6933,0.7763
recall_gate,HI-Small,Nemotron-3-Nano-30B,ICL-FS,42,0.8,0.166,278,262,7.4,0.69,0.6067,0.6457,759,341,492,2161,0.69,0.6067,0.6457,0.6936,0.7773
recall_gate,HI-Small,Nemotron-3-Nano-30B,ICL-FS,42,0.8,0.171,275,259,7.3,0.691,0.6059,0.6457,758,339,493,2163,0.691,0.6059,0.6457,0.6945,0.7784
recall_gate,HI-Small,Nemotron-3-Nano-30B,ICL-FS,42,0.8,0.176,273,257,7.3,0.6913,0.6051,0.6454,757,338,494,2164,0.6913,0.6051,0.6454,0.6954,0.7794
recall_gate,HI-Small,Nemotron-3-Nano-30B,ICL-FS,42,0.8,0.181,272,256,7.2,0.691,0.6043,0.6448,756,338,495,2164,0.691,0.6043,0.6448,0.6964,0.7804
recall_gate,HI-Small,Nemotron-3-Nano-30B,ICL-FS,42,0.8,0.186,268,252,7.1,0.6917,0.6027,0.6442,754,336,497,2166,0.6917,0.6027,0.6442,0.6983,0.7825
recall_gate,HI-Small,Nemotron-3-Nano-30B,ICL-FS,42,0.8,0.191,268,252,7.1,0.6917,0.6027,0.6442,754,336,497,2166,0.6917,0.6027,0.6442,0.6983,0.7825
recall_gate,HI-Small,Nemotron-3-Nano-30B,ICL-FS,42,0.8,0.196,265,249,7.1,0.6918,0.6011,0.6433,752,335,499,2167,0.6918,0.6011,0.6433,0.6993,0.7846
recall_gate,HI-Small,Nemotron-3-Nano-30B,ICL-FS,42,0.8,0.201,260,244,6.9,0.695,0.6011,0.6447,752,330,499,2172,0.695,0.6011,0.6447,0.6993,0.7846
recall_gate,HI-Small,Nemotron-3-Nano-30B,ICL-FS,42,0.8,0.206,259,243,6.9,0.6947,0.6003,0.6441,751,330,500,2172,0.6947,0.6003,0.6441,0.6995,0.7856
recall_gate,HI-Small,Nemotron-3-Nano-30B,ICL-FS,42,0.8,0.211,256,240,6.8,0.6957,0.5995,0.6441,750,328,501,2174,0.6957,0.5995,0.6441,0.7005,0.7867
recall_gate,HI-Small,Nemotron-3-Nano-30B,ICL-FS,42,0.8,0.216,255,239,6.8,0.6964,0.5995,0.6443,750,327,501,2175,0.6964,0.5995,0.6443,0.7005,0.7867
recall_gate,HI-Small,Nemotron-3-Nano-30B,ICL-FS,42,0.8,0.221,252,236,6.7,0.6983,0.5995,0.6452,750,324,501,2178,0.6983,0.5995,0.6452,0.7005,0.7867
recall_gate,HI-Small,Nemotron-3-Nano-30B,ICL-FS,42,0.8,0.226,250,234,6.7,0.6996,0.5995,0.6457,750,322,501,2180,0.6996,0.5995,0.6457,0.7005,0.7867
recall_gate,HI-Small,Nemotron-3-Nano-30B,ICL-FS,42,0.8,0.231,249,234,6.6,0.6996,0.5995,0.6457,750,322,501,2180,0.6996,0.5995,0.6457,0.7005,0.7867
recall_gate,HI-Small,Nemotron-3-Nano-30B,ICL-FS,42,0.8,0.236,247,232,6.6,0.6991,0.5979,0.6445,748,322,503,2180,0.6991,0.5979,0.6445,0.7035,0.7888
recall_gate,HI-Small,Nemotron-3-Nano-30B,ICL-FS,42,0.8,0.241,246,231,6.6,0.6988,0.5971,0.644,747,322,504,2180,0.6988,0.5971,0.644,0.7045,0.7898
recall_gate,HI-Small,Nemotron-3-Nano-30B,ICL-FS,42,0.8,0.246,245,230,6.5,0.6985,0.5963,0.6434,746,322,505,2180,0.6985,0.5963,0.6434,0.7047,0.7909
recall_gate,HI-Small,Nemotron-3-Nano-30B,ICL-FS,42,0.8,0.251,242,227,6.4,0.7005,0.5963,0.6442,746,319,505,2183,0.7005,0.5963,0.6442,0.7047,0.7909
recall_gate,HI-Small,Nemotron-3-Nano-30B,ICL-FS,42,0.8,0.256,240,225,6.4,0.7018,0.5963,0.6448,746,317,505,2185,0.7018,0.5963,0.6448,0.7047,0.7909
recall_gate,HI-Small,Nemotron-3-Nano-30B,ICL-FS,42,0.8,0.261,239,224,6.4,0.7015,0.5955,0.6442,745,317,506,2185,0.7015,0.5955,0.6442,0.7049,0.7919
recall_gate,HI-Small,Nemotron-3-Nano-30B,ICL-FS,42,0.8,0.266,237,222,6.3,0.7028,0.5955,0.6447,745,315,506,2187,0.7028,0.5955,0.6447,0.7049,0.7919
recall_gate,HI-Small,Nemotron-3-Nano-30B,ICL-FS,42,0.8,0.271,236,221,6.3,0.7035,0.5955,0.645,745,314,506,2188,0.7035,0.5955,0.645,0.7049,0.7919
recall_gate,HI-Small,Nemotron-3-Nano-30B,ICL-FS,42,0.8,0.276,235,220,6.3,0.7042,0.5955,0.6453,745,313,506,2189,0.7042,0.5955,0.6453,0.7049,0.7919
recall_gate,HI-Small,Nemotron-3-Nano-30B,ICL-FS,42,0.8,0.281,235,220,6.3,0.7042,0.5955,0.6453,745,313,506,2189,0.7042,0.5955,0.6453,0.7049,0.7919
recall_gate,HI-Small,Nemotron-3-Nano-30B,ICL-FS,42,0.8,0.286,234,219,6.2,0.7048,0.5955,0.6456,745,312,506,2190,0.7048,0.5955,0.6456,0.7049,0.7919
recall_gate,HI-Small,Nemotron-3-Nano-30B,ICL-FS,42,0.8,0.291,231,216,6.2,0.7068,0.5955,0.6464,745,309,506,2193,0.7068,0.5955,0.6464,0.7049,0.7919
recall_gate,HI-Small,Nemotron-3-Nano-30B,ICL-FS,42,0.8,0.296,228,213,6.1,0.7079,0.5947,0.6464,744,307,507,2195,0.7079,0.5947,0.6464,0.7049,0.7917
recall_gate,HI-Small,Nemotron-3-Nano-30B,ICL-FS,42,0.8,0.301,228,213,6.1,0.7079,0.5947,0.6464,744,307,507,2195,0.7079,0.5947,0.6464,0.7049,0.7917
recall_gate,HI-Small,Nemotron-3-Nano-30B,ICL-FS,42,0.8,0.306,228,213,6.1,0.7079,0.5947,0.6464,744,307,507,2195,0.7079,0.5947,0.6464,0.7049,0.7917
recall_gate,HI-Small,Nemotron-3-Nano-30B,ICL-FS,42,0.8,0.311,228,213,6.1,0.7079,0.5947,0.6464,744,307,507,2195,0.7079,0.5947,0.6464,0.7049,0.7917
recall_gate,HI-Small,Nemotron-3-Nano-30B,ICL-FS,42,0.8,0.316,225,210,6.0,0.7071,0.5923,0.6446,741,307,510,2195,0.7071,0.5923,0.6446,0.708,0.7949
recall_gate,HI-Small,Nemotron-3-Nano-30B,ICL-FS,42,0.8,0.321,224,209,6.0,0.7068,0.5915,0.644,740,307,511,2195,0.7068,0.5915,0.644,0.709,0.7959
recall_gate,HI-Small,Nemotron-3-Nano-30B,ICL-FS,42,0.8,0.326,220,205,5.9,0.7095,0.5915,0.6452,740,303,511,2199,0.7095,0.5915,0.6452,0.709,0.7959
recall_gate,HI-Small,Nemotron-3-Nano-30B,ICL-FS,42,0.8,0.331,219,204,5.8,0.7102,0.5915,0.6454,740,302,511,2200,0.7102,0.5915,0.6454,0.709,0.7959
recall_gate,HI-Small,Nemotron-3-Nano-30B,ICL-FS,42,0.8,0.336,219,204,5.8,0.7102,0.5915,0.6454,740,302,511,2200,0.7102,0.5915,0.6454,0.709,0.7959
recall_gate,HI-Small,Nemotron-3-Nano-30B,ICL-FS,42,0.8,0.341,219,204,5.8,0.7102,0.5915,0.6454,740,302,511,2200,0.7102,0.5915,0.6454,0.709,0.7959
recall_gate,HI-Small,Nemotron-3-Nano-30B,ICL-FS,42,0.8,0.346,218,203,5.8,0.7099,0.5907,0.6449,739,302,512,2200,0.7099,0.5907,0.6449,0.7101,0.797
recall_gate,HI-Small,Nemotron-3-Nano-30B,ICL-FS,42,0.8,0.351,217,202,5.8,0.7096,0.5899,0.6443,738,302,513,2200,0.7096,0.5899,0.6443,0.711,0.7981
recall_gate,HI-Small,Nemotron-3-Nano-30B,ICL-FS,42,0.8,0.356,215,200,5.7,0.71,0.5891,0.6439,737,301,514,2201,0.71,0.5891,0.6439,0.7112,0.7992
recall_gate,HI-Small,Nemotron-3-Nano-30B,ICL-FS,42,0.8,0.361,214,199,5.7,0.7097,0.5883,0.6434,736,301,515,2201,0.7097,0.5883,0.6434,0.7134,0.8003
recall_gate,HI-Small,Nemotron-3-Nano-30B,ICL-FS,42,0.8,0.366,214,199,5.7,0.7097,0.5883,0.6434,736,301,515,2201,0.7097,0.5883,0.6434,0.7134,0.8003
recall_gate,HI-Small,Nemotron-3-Nano-30B,ICL-FS,42,0.8,0.371,212,197,5.6,0.7111,0.5883,0.6439,736,299,515,2203,0.7111,0.5883,0.6439,0.7134,0.8003
recall_gate,HI-Small,Nemotron-3-Nano-30B,ICL-FS,42,0.8,0.376,210,195,5.6,0.7115,0.5875,0.6436,735,298,516,2204,0.7115,0.5875,0.6436,0.7143,0.8014
recall_gate,HI-Small,Nemotron-3-Nano-30B,ICL-FS,42,0.8,0.381,210,195,5.6,0.7115,0.5875,0.6436,735,298,516,2204,0.7115,0.5875,0.6436,0.7143,0.8014
recall_gate,HI-Small,Nemotron-3-Nano-30B,ICL-FS,42,0.8,0.386,209,194,5.6,0.7122,0.5875,0.6439,735,297,516,2205,0.7122,0.5875,0.6439,0.7143,0.8014
recall_gate,HI-Small,Nemotron-3-Nano-30B,ICL-FS,42,0.8,0.391,207,192,5.5,0.7136,0.5875,0.6445,735,295,516,2207,0.7136,0.5875,0.6445,0.7143,0.8014
recall_gate,HI-Small,Nemotron-3-Nano-30B,ICL-FS,42,0.8,0.396,203,188,5.4,0.7154,0.5867,0.6447,734,292,517,2210,0.7154,0.5867,0.6447,0.7151,0.8025
recall_gate,HI-Small,Nemotron-3-Nano-30B,ICL-FS,42,0.8,0.401,203,188,5.4,0.7154,0.5867,0.6447,734,292,517,2210,0.7154,0.5867,0.6447,0.7151,0.8025
recall_gate,HI-Small,Nemotron-3-Nano-30B,ICL-FS,42,0.8,0.406,200,185,5.3,0.7175,0.5867,0.6456,734,289,517,2213,0.7175,0.5867,0.6456,0.7151,0.8025
recall_gate,HI-Small,Nemotron-3-Nano-30B,ICL-FS,42,0.8,0.411,199,184,5.3,0.7182,0.5867,0.6458,734,288,517,2214,0.7182,0.5867,0.6458,0.7151,0.8025
recall_gate,HI-Small,Nemotron-3-Nano-30B,ICL-FS,42,0.8,0.416,198,183,5.3,0.7189,0.5867,0.6461,734,287,517,2215,0.7189,0.5867,0.6461,0.7151,0.8025
recall_gate,HI-Small,Nemotron-3-Nano-30B,ICL-FS,42,0.8,0.421,198,183,5.3,0.7189,0.5867,0.6461,734,287,517,2215,0.7189,0.5867,0.6461,0.7151,0.8025
recall_gate,HI-Small,Nemotron-3-Nano-30B,ICL-FS,42,0.8,0.426,196,181,5.2,0.7203,0.5867,0.6467,734,285,517,2217,0.7203,0.5867,0.6467,0.7151,0.8025
recall_gate,HI-Small,Nemotron-3-Nano-30B,ICL-FS,42,0.8,0.431,196,181,5.2,0.7203,0.5867,0.6467,734,285,517,2217,0.7203,0.5867,0.6467,0.7151,0.8025
recall_gate,HI-Small,Nemotron-3-Nano-30B,ICL-FS,42,0.8,0.436,194,179,5.2,0.7217,0.5867,0.6473,734,283,517,2219,0.7217,0.5867,0.6473,0.7151,0.8025
recall_gate,HI-Small,Nemotron-3-Nano-30B,ICL-FS,42,0.8,0.441,192,177,5.1,0.7232,0.5867,0.6478,734,281,517,2221,0.7232,0.5867,0.6478,0.7151,0.8025
recall_gate,HI-Small,Nemotron-3-Nano-30B,ICL-FS,42,0.8,0.446,191,176,5.1,0.7239,0.5867,0.6481,734,280,517,2222,0.7239,0.5867,0.6481,0.7151,0.8025
recall_gate,HI-Small,Nemotron-3-Nano-30B,ICL-FS,42,0.8,0.451,190,175,5.1,0.7246,0.5867,0.6484,734,279,517,2223,0.7246,0.5867,0.6484,0.7151,0.8025
recall_gate,HI-Small,Nemotron-3-Nano-30B,ICL-FS,42,0.8,0.456,190,175,5.1,0.7246,0.5867,0.6484,734,279,517,2223,0.7246,0.5867,0.6484,0.7151,0.8025
recall_gate,HI-Small,Nemotron-3-Nano-30B,ICL-FS,42,0.8,0.461,190,175,5.1,0.7246,0.5867,0.6484,734,279,517,2223,0.7246,0.5867,0.6484,0.7151,0.8025
recall_gate,HI-Small,Nemotron-3-Nano-30B,ICL-FS,42,0.8,0.466,188,174,5.0,0.7253,0.5867,0.6487,734,278,517,2224,0.7253,0.5867,0.6487,0.7151,0.8025
recall_gate,HI-Small,Nemotron-3-Nano-30B,ICL-FS,42,0.8,0.471,186,172,5.0,0.7267,0.5867,0.6493,734,276,517,2226,0.7267,0.5867,0.6493,0.7151,0.8025
recall_gate,HI-Small,Nemotron-3-Nano-30B,ICL-FS,42,0.8,0.476,183,170,4.9,0.7282,0.5867,0.6498,734,274,517,2228,0.7282,0.5867,0.6498,0.7151,0.8025
recall_gate,HI-Small,Nemotron-3-Nano-30B,ICL-FS,42,0.8,0.481,181,168,4.8,0.7286,0.5859,0.6495,733,273,518,2229,0.7286,0.5859,0.6495,0.7151,0.8022
recall_gate,HI-Small,Nemotron-3-Nano-30B,ICL-FS,42,0.8,0.486,180,167,4.8,0.7294,0.5859,0.6498,733,272,518,2230,0.7294,0.5859,0.6498,0.7151,0.8022
recall_gate,HI-Small,Nemotron-3-Nano-30B,ICL-FS,42,0.8,0.491,179,166,4.8,0.7301,0.5859,0.6501,733,271,518,2231,0.7301,0.5859,0.6501,0.7151,0.8022
recall_gate,HI-Small,Nemotron-3-Nano-30B,ICL-FS,42,0.8,0.496,176,163,4.7,0.7323,0.5859,0.651,733,268,518,2234,0.7323,0.5859,0.651,0.7151,0.8022
precision_gate,HI-Small,Nemotron-3-Nano-30B,ICL-FS,42,0.8,0.5,0,0,0.0,0.8484,0.5683,0.6807,711,127,540,2375,0.8484,0.5683,0.6807,0.7267,0.8228
precision_gate,HI-Small,Nemotron-3-Nano-30B,ICL-FS,42,0.8,0.505,0,0,0.0,0.8484,0.5683,0.6807,711,127,540,2375,0.8484,0.5683,0.6807,0.7267,0.8228
precision_gate,HI-Small,Nemotron-3-Nano-30B,ICL-FS,42,0.8,0.51,0,0,0.0,0.8484,0.5683,0.6807,711,127,540,2375,0.8484,0.5683,0.6807,0.7267,0.8228
precision_gate,HI-Small,Nemotron-3-Nano-30B,ICL-FS,42,0.8,0.515,0,0,0.0,0.8484,0.5683,0.6807,711,127,540,2375,0.8484,0.5683,0.6807,0.7267,0.8228
precision_gate,HI-Small,Nemotron-3-Nano-30B,ICL-FS,42,0.8,0.52,0,0,0.0,0.8484,0.5683,0.6807,711,127,540,2375,0.8484,0.5683,0.6807,0.7267,0.8228
precision_gate,HI-Small,Nemotron-3-Nano-30B,ICL-FS,42,0.8,0.525,0,0,0.0,0.8484,0.5683,0.6807,711,127,540,2375,0.8484,0.5683,0.6807,0.7267,0.8228
precision_gate,HI-Small,Nemotron-3-Nano-30B,ICL-FS,42,0.8,0.53,0,0,0.0,0.8484,0.5683,0.6807,711,127,540,2375,0.8484,0.5683,0.6807,0.7267,0.8228
precision_gate,HI-Small,Nemotron-3-Nano-30B,ICL-FS,42,0.8,0.535,0,0,0.0,0.8484,0.5683,0.6807,711,127,540,2375,0.8484,0.5683,0.6807,0.7267,0.8228
precision_gate,HI-Small,Nemotron-3-Nano-30B,ICL-FS,42,0.8,0.54,0,0,0.0,0.8484,0.5683,0.6807,711,127,540,2375,0.8484,0.5683,0.6807,0.7267,0.8228
precision_gate,HI-Small,Nemotron-3-Nano-30B,ICL-FS,42,0.8,0.545,0,0,0.0,0.8484,0.5683,0.6807,711,127,540,2375,0.8484,0.5683,0.6807,0.7267,0.8228
precision_gate,HI-Small,Nemotron-3-Nano-30B,ICL-FS,42,0.8,0.55,0,0,0.0,0.8484,0.5683,0.6807,711,127,540,2375,0.8484,0.5683,0.6807,0.7267,0.8228
precision_gate,HI-Small,Nemotron-3-Nano-30B,ICL-FS,42,0.8,0.555,0,0,0.0,0.8484,0.5683,0.6807,711,127,540,2375,0.8484,0.5683,0.6807,0.7267,0.8228
precision_gate,HI-Small,Nemotron-3-Nano-30B,ICL-FS,42,0.8,0.56,0,0,0.0,0.8484,0.5683,0.6807,711,127,540,2375,0.8484,0.5683,0.6807,0.7267,0.8228
precision_gate,HI-Small,Nemotron-3-Nano-30B,ICL-FS,42,0.8,0.565,0,0,0.0,0.8484,0.5683,0.6807,711,127,540,2375,0.8484,0.5683,0.6807,0.7267,0.8228
precision_gate,HI-Small,Nemotron-3-Nano-30B,ICL-FS,42,0.8,0.57,0,0,0.0,0.8484,0.5683,0.6807,711,127,540,2375,0.8484,0.5683,0.6807,0.7267,0.8228
precision_gate,HI-Small,Nemotron-3-Nano-30B,ICL-FS,42,0.8,0.575,0,0,0.0,0.8484,0.5683,0.6807,711,127,540,2375,0.8484,0.5683,0.6807,0.7267,0.8228
precision_gate,HI-Small,Nemotron-3-Nano-30B,ICL-FS,42,0.8,0.58,0,0,0.0,0.8484,0.5683,0.6807,711,127,540,2375,0.8484,0.5683,0.6807,0.7267,0.8228
precision_gate,HI-Small,Nemotron-3-Nano-30B,ICL-FS,42,0.8,0.585,0,0,0.0,0.8484,0.5683,0.6807,711,127,540,2375,0.8484,0.5683,0.6807,0.7267,0.8228
precision_gate,HI-Small,Nemotron-3-Nano-30B,ICL-FS,42,0.8,0.59,0,0,0.0,0.8484,0.5683,0.6807,711,127,540,2375,0.8484,0.5683,0.6807,0.7267,0.8228
precision_gate,HI-Small,Nemotron-3-Nano-30B,ICL-FS,42,0.8,0.595,0,0,0.0,0.8484,0.5683,0.6807,711,127,540,2375,0.8484,0.5683,0.6807,0.7267,0.8228
precision_gate,HI-Small,Nemotron-3-Nano-30B,ICL-FS,42,0.8,0.6,0,0,0.0,0.8484,0.5683,0.6807,711,127,540,2375,0.8484,0.5683,0.6807,0.7267,0.8228
precision_gate,HI-Small,Nemotron-3-Nano-30B,ICL-FS,42,0.8,0.605,0,0,0.0,0.8484,0.5683,0.6807,711,127,540,2375,0.8484,0.5683,0.6807,0.7267,0.8228
precision_gate,HI-Small,Nemotron-3-Nano-30B,ICL-FS,42,0.8,0.61,0,0,0.0,0.8484,0.5683,0.6807,711,127,540,2375,0.8484,0.5683,0.6807,0.7267,0.8228
precision_gate,HI-Small,Nemotron-3-Nano-30B,ICL-FS,42,0.8,0.615,0,0,0.0,0.8484,0.5683,0.6807,711,127,540,2375,0.8484,0.5683,0.6807,0.7267,0.8228
precision_gate,HI-Small,Nemotron-3-Nano-30B,ICL-FS,42,0.8,0.62,0,0,0.0,0.8484,0.5683,0.6807,711,127,540,2375,0.8484,0.5683,0.6807,0.7267,0.8228
precision_gate,HI-Small,Nemotron-3-Nano-30B,ICL-FS,42,0.8,0.625,0,0,0.0,0.8484,0.5683,0.6807,711,127,540,2375,0.8484,0.5683,0.6807,0.7267,0.8228
precision_gate,HI-Small,Nemotron-3-Nano-30B,ICL-FS,42,0.8,0.63,0,0,0.0,0.8484,0.5683,0.6807,711,127,540,2375,0.8484,0.5683,0.6807,0.7267,0.8228
precision_gate,HI-Small,Nemotron-3-Nano-30B,ICL-FS,42,0.8,0.635,0,0,0.0,0.8484,0.5683,0.6807,711,127,540,2375,0.8484,0.5683,0.6807,0.7267,0.8228
precision_gate,HI-Small,Nemotron-3-Nano-30B,ICL-FS,42,0.8,0.64,0,0,0.0,0.8484,0.5683,0.6807,711,127,540,2375,0.8484,0.5683,0.6807,0.7267,0.8228
precision_gate,HI-Small,Nemotron-3-Nano-30B,ICL-FS,42,0.8,0.645,0,0,0.0,0.8484,0.5683,0.6807,711,127,540,2375,0.8484,0.5683,0.6807,0.7267,0.8228
precision_gate,HI-Small,Nemotron-3-Nano-30B,ICL-FS,42,0.8,0.65,0,0,0.0,0.8484,0.5683,0.6807,711,127,540,2375,0.8484,0.5683,0.6807,0.7267,0.8228
precision_gate,HI-Small,Nemotron-3-Nano-30B,ICL-FS,42,0.8,0.655,0,0,0.0,0.8484,0.5683,0.6807,711,127,540,2375,0.8484,0.5683,0.6807,0.7267,0.8228
precision_gate,HI-Small,Nemotron-3-Nano-30B,ICL-FS,42,0.8,0.66,0,0,0.0,0.8484,0.5683,0.6807,711,127,540,2375,0.8484,0.5683,0.6807,0.7267,0.8228
precision_gate,HI-Small,Nemotron-3-Nano-30B,ICL-FS,42,0.8,0.665,0,0,0.0,0.8484,0.5683,0.6807,711,127,540,2375,0.8484,0.5683,0.6807,0.7267,0.8228
precision_gate,HI-Small,Nemotron-3-Nano-30B,ICL-FS,42,0.8,0.67,0,0,0.0,0.8484,0.5683,0.6807,711,127,540,2375,0.8484,0.5683,0.6807,0.7267,0.8228
precision_gate,HI-Small,Nemotron-3-Nano-30B,ICL-FS,42,0.8,0.675,0,0,0.0,0.8484,0.5683,0.6807,711,127,540,2375,0.8484,0.5683,0.6807,0.7267,0.8228
precision_gate,HI-Small,Nemotron-3-Nano-30B,ICL-FS,42,0.8,0.68,0,0,0.0,0.8484,0.5683,0.6807,711,127,540,2375,0.8484,0.5683,0.6807,0.7267,0.8228
precision_gate,HI-Small,Nemotron-3-Nano-30B,ICL-FS,42,0.8,0.685,0,0,0.0,0.8484,0.5683,0.6807,711,127,540,2375,0.8484,0.5683,0.6807,0.7267,0.8228
precision_gate,HI-Small,Nemotron-3-Nano-30B,ICL-FS,42,0.8,0.69,0,0,0.0,0.8484,0.5683,0.6807,711,127,540,2375,0.8484,0.5683,0.6807,0.7267,0.8228
precision_gate,HI-Small,Nemotron-3-Nano-30B,ICL-FS,42,0.8,0.695,0,0,0.0,0.8484,0.5683,0.6807,711,127,540,2375,0.8484,0.5683,0.6807,0.7267,0.8228
precision_gate,HI-Small,Nemotron-3-Nano-30B,ICL-FS,42,0.8,0.7,0,0,0.0,0.8484,0.5683,0.6807,711,127,540,2375,0.8484,0.5683,0.6807,0.7267,0.8228
precision_gate,HI-Small,Nemotron-3-Nano-30B,ICL-FS,42,0.8,0.705,0,0,0.0,0.8484,0.5683,0.6807,711,127,540,2375,0.8484,0.5683,0.6807,0.7267,0.8228
precision_gate,HI-Small,Nemotron-3-Nano-30B,ICL-FS,42,0.8,0.71,0,0,0.0,0.8484,0.5683,0.6807,711,127,540,2375,0.8484,0.5683,0.6807,0.7267,0.8228
precision_gate,HI-Small,Nemotron-3-Nano-30B,ICL-FS,42,0.8,0.715,0,0,0.0,0.8484,0.5683,0.6807,711,127,540,2375,0.8484,0.5683,0.6807,0.7267,0.8228
precision_gate,HI-Small,Nemotron-3-Nano-30B,ICL-FS,42,0.8,0.72,0,0,0.0,0.8484,0.5683,0.6807,711,127,540,2375,0.8484,0.5683,0.6807,0.7267,0.8228
precision_gate,HI-Small,Nemotron-3-Nano-30B,ICL-FS,42,0.8,0.725,0,0,0.0,0.8484,0.5683,0.6807,711,127,540,2375,0.8484,0.5683,0.6807,0.7267,0.8228
precision_gate,HI-Small,Nemotron-3-Nano-30B,ICL-FS,42,0.8,0.73,0,0,0.0,0.8484,0.5683,0.6807,711,127,540,2375,0.8484,0.5683,0.6807,0.7267,0.8228
precision_gate,HI-Small,Nemotron-3-Nano-30B,ICL-FS,42,0.8,0.735,0,0,0.0,0.8484,0.5683,0.6807,711,127,540,2375,0.8484,0.5683,0.6807,0.7267,0.8228
precision_gate,HI-Small,Nemotron-3-Nano-30B,ICL-FS,42,0.8,0.74,0,0,0.0,0.8484,0.5683,0.6807,711,127,540,2375,0.8484,0.5683,0.6807,0.7267,0.8228
precision_gate,HI-Small,Nemotron-3-Nano-30B,ICL-FS,42,0.8,0.745,0,0,0.0,0.8484,0.5683,0.6807,711,127,540,2375,0.8484,0.5683,0.6807,0.7267,0.8228
precision_gate,HI-Small,Nemotron-3-Nano-30B,ICL-FS,42,0.8,0.75,0,0,0.0,0.8484,0.5683,0.6807,711,127,540,2375,0.8484,0.5683,0.6807,0.7267,0.8228
precision_gate,HI-Small,Nemotron-3-Nano-30B,ICL-FS,42,0.8,0.755,0,0,0.0,0.8484,0.5683,0.6807,711,127,540,2375,0.8484,0.5683,0.6807,0.7267,0.8228
precision_gate,HI-Small,Nemotron-3-Nano-30B,ICL-FS,42,0.8,0.76,0,0,0.0,0.8484,0.5683,0.6807,711,127,540,2375,0.8484,0.5683,0.6807,0.7267,0.8228
precision_gate,HI-Small,Nemotron-3-Nano-30B,ICL-FS,42,0.8,0.765,0,0,0.0,0.8484,0.5683,0.6807,711,127,540,2375,0.8484,0.5683,0.6807,0.7267,0.8228
precision_gate,HI-Small,Nemotron-3-Nano-30B,ICL-FS,42,0.8,0.77,0,0,0.0,0.8484,0.5683,0.6807,711,127,540,2375,0.8484,0.5683,0.6807,0.7267,0.8228
precision_gate,HI-Small,Nemotron-3-Nano-30B,ICL-FS,42,0.8,0.775,0,0,0.0,0.8484,0.5683,0.6807,711,127,540,2375,0.8484,0.5683,0.6807,0.7267,0.8228
precision_gate,HI-Small,Nemotron-3-Nano-30B,ICL-FS,42,0.8,0.78,0,0,0.0,0.8484,0.5683,0.6807,711,127,540,2375,0.8484,0.5683,0.6807,0.7267,0.8228
precision_gate,HI-Small,Nemotron-3-Nano-30B,ICL-FS,42,0.8,0.785,0,0,0.0,0.8484,0.5683,0.6807,711,127,540,2375,0.8484,0.5683,0.6807,0.7267,0.8228
precision_gate,HI-Small,Nemotron-3-Nano-30B,ICL-FS,42,0.8,0.79,0,0,0.0,0.8484,0.5683,0.6807,711,127,540,2375,0.8484,0.5683,0.6807,0.7267,0.8228
precision_gate,HI-Small,Nemotron-3-Nano-30B,ICL-FS,42,0.8,0.795,0,0,0.0,0.8484,0.5683,0.6807,711,127,540,2375,0.8484,0.5683,0.6807,0.7267,0.8228
precision_gate,HI-Small,Nemotron-3-Nano-30B,ICL-FS,42,0.8,0.8,0,0,0.0,0.8484,0.5683,0.6807,711,127,540,2375,0.8484,0.5683,0.6807,0.7267,0.8228
precision_gate,HI-Small,Nemotron-3-Nano-30B,ICL-FS,42,0.8,0.805,3,0,0.1,0.8484,0.5683,0.6807,711,127,540,2375,0.8484,0.5683,0.6807,0.7267,0.8228
precision_gate,HI-Small,Nemotron-3-Nano-30B,ICL-FS,42,0.8,0.81,4,0,0.1,0.8484,0.5683,0.6807,711,127,540,2375,0.8484,0.5683,0.6807,0.7267,0.8228
precision_gate,HI-Small,Nemotron-3-Nano-30B,ICL-FS,42,0.8,0.815,9,1,0.2,0.8495,0.5683,0.681,711,126,540,2376,0.8495,0.5683,0.681,0.7263,0.8214
precision_gate,HI-Small,Nemotron-3-Nano-30B,ICL-FS,42,0.8,0.82,15,1,0.4,0.8495,0.5683,0.681,711,126,540,2376,0.8495,0.5683,0.681,0.726,0.8214
precision_gate,HI-Small,Nemotron-3-Nano-30B,ICL-FS,42,0.8,0.825,20,1,0.5,0.8495,0.5683,0.681,711,126,540,2376,0.8495,0.5683,0.681,0.7249,0.82
precision_gate,HI-Small,Nemotron-3-Nano-30B,ICL-FS,42,0.8,0.83,26,3,0.7,0.8515,0.5683,0.6817,711,124,540,2378,0.8515,0.5683,0.6817,0.7249,0.82
precision_gate,HI-Small,Nemotron-3-Nano-30B,ICL-FS,42,0.8,0.835,37,4,1.0,0.8525,0.5683,0.682,711,123,540,2379,0.8525,0.5683,0.682,0.7257,0.82
precision_gate,HI-Small,Nemotron-3-Nano-30B,ICL-FS,42,0.8,0.84,44,4,1.2,0.8525,0.5683,0.682,711,123,540,2379,0.8525,0.5683,0.682,0.7248,0.8186
precision_gate,HI-Small,Nemotron-3-Nano-30B,ICL-FS,42,0.8,0.845,48,4,1.3,0.8525,0.5683,0.682,711,123,540,2379,0.8525,0.5683,0.682,0.7248,0.8186
precision_gate,HI-Small,Nemotron-3-Nano-30B,ICL-FS,42,0.8,0.85,51,4,1.4,0.8525,0.5683,0.682,711,123,540,2379,0.8525,0.5683,0.682,0.7224,0.8172
precision_gate,HI-Small,Nemotron-3-Nano-30B,ICL-FS,42,0.8,0.855,55,5,1.5,0.8535,0.5683,0.6823,711,122,540,2380,0.8535,0.5683,0.6823,0.7224,0.8172
precision_gate,HI-Small,Nemotron-3-Nano-30B,ICL-FS,42,0.8,0.86,59,6,1.6,0.8546,0.5683,0.6827,711,121,540,2381,0.8546,0.5683,0.6827,0.7224,0.8172
precision_gate,HI-Small,Nemotron-3-Nano-30B,ICL-FS,42,0.8,0.865,63,6,1.7,0.8546,0.5683,0.6827,711,121,540,2381,0.8546,0.5683,0.6827,0.7238,0.8186
precision_gate,HI-Small,Nemotron-3-Nano-30B,ICL-FS,42,0.8,0.87,71,7,1.9,0.8556,0.5683,0.683,711,120,540,2382,0.8556,0.5683,0.683,0.7238,0.8186
precision_gate,HI-Small,Nemotron-3-Nano-30B,ICL-FS,42,0.8,0.875,76,8,2.0,0.8566,0.5683,0.6833,711,119,540,2383,0.8566,0.5683,0.6833,0.7238,0.8186
precision_gate,HI-Small,Nemotron-3-Nano-30B,ICL-FS,42,0.8,0.88,81,8,2.2,0.8566,0.5683,0.6833,711,119,540,2383,0.8566,0.5683,0.6833,0.7241,0.8186
precision_gate,HI-Small,Nemotron-3-Nano-30B,ICL-FS,42,0.8,0.885,87,8,2.3,0.8566,0.5683,0.6833,711,119,540,2383,0.8566,0.5683,0.6833,0.7246,0.8186
precision_gate,HI-Small,Nemotron-3-Nano-30B,ICL-FS,42,0.8,0.89,94,8,2.5,0.8566,0.5683,0.6833,711,119,540,2383,0.8566,0.5683,0.6833,0.7191,0.8158
precision_gate,HI-Small,Nemotron-3-Nano-30B,ICL-FS,42,0.8,0.895,101,10,2.7,0.8587,0.5683,0.684,711,117,540,2385,0.8587,0.5683,0.684,0.7128,0.8115
precision_gate,HI-Small,Nemotron-3-Nano-30B,ICL-FS,42,0.8,0.9,104,10,2.8,0.8587,0.5683,0.684,711,117,540,2385,0.8587,0.5683,0.684,0.7126,0.8115
precision_gate,HI-Small,Nemotron-3-Nano-30B,ICL-FS,42,0.8,0.905,110,10,2.9,0.8587,0.5683,0.684,711,117,540,2385,0.8587,0.5683,0.684,0.7122,0.8101
precision_gate,HI-Small,Nemotron-3-Nano-30B,ICL-FS,42,0.8,0.91,119,11,3.2,0.8597,0.5683,0.6843,711,116,540,2386,0.8597,0.5683,0.6843,0.7094,0.8073
precision_gate,HI-Small,Nemotron-3-Nano-30B,ICL-FS,42,0.8,0.915,129,11,3.4,0.8597,0.5683,0.6843,711,116,540,2386,0.8597,0.5683,0.6843,0.7058,0.8045
precision_gate,HI-Small,Nemotron-3-Nano-30B,ICL-FS,42,0.8,0.92,133,11,3.5,0.8597,0.5683,0.6843,711,116,540,2386,0.8597,0.5683,0.6843,0.7031,0.8031
precision_gate,HI-Small,Nemotron-3-Nano-30B,ICL-FS,42,0.8,0.925,140,11,3.7,0.8597,0.5683,0.6843,711,116,540,2386,0.8597,0.5683,0.6843,0.6973,0.7989
precision_gate,HI-Small,Nemotron-3-Nano-30B,ICL-FS,42,0.8,0.93,149,11,4.0,0.8597,0.5683,0.6843,711,116,540,2386,0.8597,0.5683,0.6843,0.6877,0.7904
precision_gate,HI-Small,Nemotron-3-Nano-30B,ICL-FS,42,0.8,0.935,165,12,4.4,0.8608,0.5683,0.6846,711,115,540,2387,0.8608,0.5683,0.6846,0.6822,0.7806
precision_gate,HI-Small,Nemotron-3-Nano-30B,ICL-FS,42,0.8,0.94,176,13,4.7,0.8618,0.5683,0.685,711,114,540,2388,0.8618,0.5683,0.685,0.6728,0.775
precision_gate,HI-Small,Nemotron-3-Nano-30B,ICL-FS,42,0.8,0.945,191,14,5.1,0.8629,0.5683,0.6853,711,113,540,2389,0.8629,0.5683,0.6853,0.6716,0.7693
precision_gate,HI-Small,Nemotron-3-Nano-30B,ICL-FS,42,0.8,0.95,201,14,5.4,0.8629,0.5683,0.6853,711,113,540,2389,0.8629,0.5683,0.6853,0.6608,0.7609
precision_gate,HI-Small,Nemotron-3-Nano-30B,ICL-FS,42,0.8,0.955,218,14,5.8,0.8629,0.5683,0.6853,711,113,540,2389,0.8629,0.5683,0.6853,0.6483,0.7525
precision_gate,HI-Small,Nemotron-3-Nano-30B,ICL-FS,42,0.8,0.96,236,14,6.3,0.8629,0.5683,0.6853,711,113,540,2389,0.8629,0.5683,0.6853,0.6415,0.7412
precision_gate,HI-Small,Nemotron-3-Nano-30B,ICL-FS,42,0.8,0.965,253,14,6.7,0.8629,0.5683,0.6853,711,113,540,2389,0.8629,0.5683,0.6853,0.6302,0.7328
precision_gate,HI-Small,Nemotron-3-Nano-30B,ICL-FS,42,0.8,0.97,282,14,7.5,0.8629,0.5683,0.6853,711,113,540,2389,0.8629,0.5683,0.6853,0.6057,0.7131
precision_gate,HI-Small,Nemotron-3-Nano-30B,ICL-FS,42,0.8,0.975,321,15,8.6,0.8627,0.5675,0.6847,710,113,541,2389,0.8627,0.5675,0.6847,0.5721,0.6873
precision_gate,HI-Small,Nemotron-3-Nano-30B,ICL-FS,42,0.8,0.98,384,19,10.2,0.862,0.5643,0.6821,706,113,545,2389,0.862,0.5643,0.6821,0.5208,0.636
precision_gate,HI-Small,Nemotron-3-Nano-30B,ICL-FS,42,0.8,0.985,464,22,12.4,0.8615,0.562,0.6802,703,113,548,2389,0.8615,0.562,0.6802,0.4387,0.5775
