step,judge_a,judge_b,kappa,raw_agreement_pct
parse,regex,deepseek,0.8549,95.7
recall,regex,deepseek,0.9297,97.9
match,regex,deepseek,0.7336,90.8
conclude,regex,deepseek,0.7469,91.4
parse,regex,opus,0.7096,89.7
recall,regex,opus,0.8095,93.8
match,regex,opus,0.5097,80.6
conclude,regex,opus,0.6573,87.7
parse,regex,gemini,0.8805,96.3
recall,regex,gemini,0.9657,99.0
match,regex,gemini,0.6668,87.4
conclude,regex,gemini,0.7724,92.7
parse,deepseek,opus,0.7117,90.2
recall,deepseek,opus,0.8782,95.9
match,deepseek,opus,0.5924,84.6
conclude,deepseek,opus,0.7033,88.7
parse,deepseek,gemini,0.9104,97.4
recall,deepseek,gemini,0.9639,98.9
match,deepseek,gemini,0.7705,91.8
conclude,deepseek,gemini,0.8652,95.3
parse,opus,gemini,0.7774,92.2
recall,opus,gemini,0.8428,94.8
match,opus,gemini,0.5839,83.2
conclude,opus,gemini,0.6782,88.2
