dataset,method,label,n_subset,reduction_pct,k_repeats,w_precision_mean,w_precision_std,w_recall_mean,w_recall_std,w_f1_mean,w_f1_std,delta_p_mean,delta_p_std,delta_r_mean,delta_r_std,delta_f1_mean,delta_f1_std,uw_precision_mean,uw_precision_std,uw_recall_mean,uw_recall_std,uw_f1_mean,uw_f1_std,typ_macro_f1_mean,typ_macro_f1_std,typ_accuracy_mean,typ_accuracy_std,delta_typ_macro_f1_mean,delta_typ_macro_f1_std,delta_typ_accuracy_mean,delta_typ_accuracy_std,n_illicit_mean,n_illicit_std
HI-Small,B1_random_uniform,B1: Random Uniform,3753,99.63048985447031,50,0.8796190476190476,0.26156001552866603,0.6266392496392497,0.27547632654861165,0.7058783438783439,0.24744890165325947,0.15621970400644006,0.21600279125007088,0.22322897007069667,0.17030622717012978,0.18098945498945504,0.16876899138944348,0.8796190476190476,0.26156001552866603,0.6266392496392497,0.27547632654861165,0.7058783438783439,0.2474489016532595,0.6742222222222222,0.3864586924726294,0.725,0.36215788453840586,0.3479909859552031,0.17483542041336522,0.28937616387337056,0.2403875915358804,4.28,2.1729242968865714
HI-Small,B2_stratified_proportional,B2: Stratified Proportional,3753,99.63048985447031,50,0.9303333333333331,0.17142183187810253,0.56,0.21908902300206645,0.6763650793650794,0.1990737109807021,0.11101907238838321,0.130616869171786,0.18042525979216623,0.12489617172078901,0.1603895961024674,0.12233049385370547,0.9303333333333331,0.17142183187810253,0.56,0.21908902300206645,0.6763650793650793,0.19907371098070212,0.738111111111111,0.3391055955573007,0.7963333333333334,0.2979427610949608,0.3067552426657854,0.14540534702110008,0.23137616387337057,0.19016869050847968,5.0,0.0
HI-Small,B3_keep_ill_no_iw,B3: Keep-Ill + Random (no IW),3753,99.63048985447031,50,0.9998884239888423,0.00037837266293584465,0.5723421262989609,0.0,0.7279826073298861,0.00010035810937207253,0.06880910019170332,0.00037837266293584465,0.0,0.0,0.019071716240777355,0.00010035810937207252,0.9998884239888423,0.00037837266293584465,0.5723421262989609,0.0,0.7279826073298861,0.00010035810937207253,0.7223348977821842,0.0,0.8268156424581007,1.1102230246251565e-16,0.0,0.0,0.0,0.0,1251.0,0.0
HI-Small,B4_v2_no_hardneg,B4: V2 w/o Hard-Neg,3753,99.63048985447031,50,0.9712623859590386,0.09745399067674707,0.5723421262989609,0.0,0.7181416680390998,0.03347260691637987,0.08663098205136457,0.060058569183312524,0.0,0.0,0.025915633878178815,0.023108495787721825,0.9998884239888425,0.0003783726629358447,0.5723421262989609,0.0,0.7279826073298863,0.0001003581093720725,0.7223348977821842,0.0,0.8268156424581007,1.1102230246251565e-16,0.0,0.0,0.0,0.0,1251.0,0.0
HI-Small,B5_fogliato_neyman,B5: Fogliato et al. (Neyman),3753,99.63048985447031,50,0.9300664451827242,0.04557462683297095,0.5780928042687237,0.10414724871546835,0.7067957738657847,0.07930808591625488,0.03722037652270207,0.026319500480829483,0.08690837706996263,0.05767715065065832,0.06330038320402523,0.04782580578298735,0.9300664451827242,0.04557462683297098,0.8101692835071326,0.03634939375001181,0.8650072069696726,0.02870603038901619,0.6864566692857775,0.07895922725188224,0.8092766558648278,0.05887419123960938,0.06877947161346004,0.05283172468155848,0.05138453204638688,0.03366624884377432,49.3,3.2878564445547194
HI-Small,B6_leskovec_rw,B6: Leskovec RW [14],3753,99.63048985447031,50,0.7996428571428572,0.35022994147382935,0.5207112332112332,0.2909479676219346,0.6107083627414897,0.2996916833008204,0.22241175924205833,0.3007815918938138,0.24461599511599513,0.16576936966093025,0.2374962415293685,0.20749548639179616,0.7996428571428572,0.35022994147382935,0.5207112332112332,0.2909479676219346,0.6107083627414897,0.2996916833008204,0.6854444444444445,0.3974220787047133,0.7294285714285715,0.3725717328852589,0.35942190933245216,0.17355432948000427,0.29949401436552275,0.24206873632929002,5.66,3.0829206931090525
HI-Small,B7_gao_stratified,B7: Gao et al. [15],3753,99.63048985447031,50,0.8948095238095237,0.25658833065549075,0.584515789561793,0.28470249948815196,0.6786202281977504,0.26136011810248816,0.14654288191219275,0.21372471448239716,0.23990414696264983,0.15378462719713334,0.20606974399353092,0.1635906360504326,0.8948095238095237,0.25658833065549075,0.5844761904761905,0.2847110322451278,0.6785854145854145,0.26136711908865984,0.7136666666666668,0.3767063400935358,0.7616666666666667,0.34440367142190703,0.34186635377689656,0.15846198614377058,0.27297020484171325,0.21987620427011845,4.54,1.7912007146045916
HI-Small,ablation-redraw,V2: Coreset + IW (ours),3753,99.63048985447031,50,0.9310793237971392,1.1102230246251565e-16,0.5723421262989609,0.0,0.7089108910891091,1.1102230246251565e-16,0.0,0.0,0.0,0.0,1.1102230246251565e-16,0.0,0.9310793237971392,1.1102230246251565e-16,0.5723421262989609,0.0,0.7089108910891089,0.0,0.7223348977821842,0.0,0.8268156424581007,1.1102230246251565e-16,0.0,0.0,0.0,0.0,1251.0,0.0
LI-Small,B1_random_uniform,B1: Random Uniform,2268,99.83622301976445,50,0.21,0.40112342240263166,0.18,0.36642416223096785,0.18333333333333332,0.3609401304617953,0.6344444444444445,0.20016488402217414,0.2837037037037037,0.2319606891627813,0.3492592592592593,0.1451081617305624,0.21,0.40112342240263166,0.18,0.36642416223096785,0.18333333333333332,0.3609401304617953,0.16,0.36660605559646714,0.16,0.36660605559646714,0.5995895357597485,0.10738272612813153,0.7137142857142859,0.23043809208920796,1.12,1.012719112093773
LI-Small,B2_stratified_proportional,B2: Stratified Proportional,2268,99.83622301976445,50,0.33,0.46486557196677836,0.34,0.4737087712930804,0.33333333333333326,0.4666666666666667,0.5766666666666667,0.22861214241550673,0.3992592592592593,0.2982610782215692,0.42814814814814817,0.18931107502619074,0.33,0.46486557196677836,0.34,0.4737087712930804,0.33333333333333326,0.4666666666666667,0.26,0.4386342439892262,0.26,0.4386342439892262,0.5702984958304107,0.1284805315506332,0.6508571428571429,0.27571295336465645,1.0,0.0
LI-Small,B3_keep_ill_no_iw,B3: Keep-Ill + Random (no IW),2268,99.83622301976445,50,0.9994326241134752,0.001924065243439795,0.18518518518518515,2.7755575615628914e-17,0.31247212931995544,9.451407445827361e-05,0.2586918833727345,0.001924065243439795,0.0,0.0,0.016175833023659124,9.451407445827361e-05,0.9994326241134752,0.001924065243439795,0.18518518518518515,2.7755575615628914e-17,0.31247212931995544,9.451407445827361e-05,0.646455199646689,0.0,0.8142857142857143,0.0,0.0,0.0,0.0,0.0,756.0,0.0
LI-Small,B4_v2_no_hardneg,B4: V2 w/o Hard-Neg,2268,99.83622301976445,50,1.0,0.0,0.18518518518518515,2.7755575615628914e-17,0.3125,0.0,0.2592592592592593,0.0,0.0,0.0,0.01620370370370372,0.0,1.0,0.0,0.18518518518518515,2.7755575615628914e-17,0.3125,0.0,0.646455199646689,0.0,0.8142857142857143,0.0,0.0,0.0,0.0,0.0,756.0,0.0
LI-Small,B5_fogliato_neyman,B5: Fogliato et al. (Neyman),2268,99.83622301976445,50,0.7156598058648024,0.13016517100224792,0.23669664793851666,0.17175337554029768,0.3265042523368771,0.1475309155906642,0.09785687277218827,0.08942067706936274,0.10800414949775566,0.14313544807538356,0.11202275642298531,0.10064190830149164,0.6099682539682539,0.1441222343808641,0.49546148296148296,0.13821967530755747,0.5360995865159952,0.11229773870604746,0.7002968253968253,0.2710628692116568,0.7835714285714286,0.22157355724418307,0.23786188397890526,0.14069727743875965,0.17414285714285718,0.14040111795460353,8.78,2.368881592650844
LI-Small,B6_leskovec_rw,B6: Leskovec RW [14],2268,99.83622301976445,50,0.13,0.3287856444554719,0.09833333333333334,0.26754542708772944,0.10799999999999998,0.28343605980891,0.6729629629629629,0.16800328235084702,0.23166666666666663,0.15954421105514024,0.3213333333333333,0.11196599522976383,0.13,0.3287856444554719,0.09833333333333334,0.26754542708772944,0.10799999999999998,0.28343605980891,0.12,0.3249615361854384,0.12,0.3249615361854384,0.6113059517314836,0.09518461331906625,0.7388571428571428,0.20426153703084698,1.22,1.1881077392223318
LI-Small,B7_gao_stratified,B7: Gao et al. [15],2268,99.83622301976445,50,0.16,0.36660605559646714,0.11335518844453762,0.2757922518946682,0.1293527476910565,0.3027363945136883,0.6637037037037037,0.17651402676866937,0.23928111437046354,0.15480782584392402,0.33083422917253796,0.10034034976952295,0.16,0.36660605559646714,0.11333333333333333,0.2757615717326191,0.12933333333333333,0.30270190690586085,0.12666666666666665,0.3258493175959983,0.13,0.3287856444554719,0.6046392850648169,0.10377490906576857,0.7288571428571429,0.21240104538733479,1.12,1.107068200247844
LI-Small,ablation-redraw,V2: Coreset + IW (ours),2268,99.83622301976445,50,0.7407407407407406,1.1102230246251565e-16,0.18518518518518515,2.7755575615628914e-17,0.2962962962962963,0.0,0.0,0.0,0.0,0.0,0.0,0.0,0.7407407407407406,1.1102230246251565e-16,0.18518518518518515,2.7755575615628914e-17,0.2962962962962963,0.0,0.646455199646689,0.0,0.8142857142857143,0.0,0.0,0.0,0.0,0.0,756.0,0.0
