dataset,baseline,label,model,seed,threshold,n_full,n_subset,reduction_pct,full_precision,full_recall,full_f1,w_precision,w_recall,w_f1,delta_f1_w,uw_precision,uw_recall,uw_f1,delta_f1_uw,full_typ_macro_f1,full_typ_accuracy,typ_macro_f1,typ_accuracy,delta_typ_macro_f1,delta_typ_accuracy
HI-Small,B1_random_uniform,B1: Random Uniform,LightGBM+GFP,42,0.8816582914572865,1015669,3753,99.63048985447031,0.8858625162127107,0.5459632294164668,0.675568743818002,1.0,0.5,0.6666666666666666,0.008902077151335397,1.0,0.5,0.6666666666666666,0.008902077151335397,0.7286731435807332,0.8301610541727672,1.0,1.0,0.2713268564192668,0.1698389458272328
HI-Small,B1_random_uniform,B1: Random Uniform,LightGBM+GFP,123,0.857035175879397,1015669,3753,99.63048985447031,0.8759398496240601,0.5587529976019184,0.6822840409956076,1.0,0.5,0.6666666666666666,0.015617374328940947,1.0,0.5,0.6666666666666666,0.015617374328940947,0.7259706755584593,0.8240343347639485,1.0,1.0,0.2740293244415407,0.1759656652360515
HI-Small,B1_random_uniform,B1: Random Uniform,LightGBM+GFP,456,0.8718090452261307,1015669,3753,99.63048985447031,0.9081225033288948,0.5451638689048761,0.6813186813186813,1.0,0.5,0.6666666666666666,0.014652014652014711,1.0,0.5,0.6666666666666666,0.014652014652014711,0.7374206488562319,0.8387096774193549,1.0,1.0,0.26257935114376807,0.16129032258064513
HI-Small,B1_random_uniform,B1: Random Uniform,LightGBM+GFP,789,0.8668844221105528,1015669,3753,99.63048985447031,0.8635235732009926,0.5563549160671463,0.6767136606708799,1.0,0.5,0.6666666666666666,0.010046994004213272,1.0,0.5,0.6666666666666666,0.010046994004213272,0.723819352714818,0.8261494252873564,1.0,1.0,0.276180647285182,0.17385057471264365
HI-Small,B1_random_uniform,B1: Random Uniform,LightGBM+GFP,1011,0.8816582914572865,1015669,3753,99.63048985447031,0.9118881118881119,0.5211830535571543,0.6632756866734486,1.0,0.5,0.6666666666666666,0.003390979993218024,1.0,0.5,0.6666666666666666,0.003390979993218024,0.7369001153377627,0.8358895705521472,1.0,1.0,0.2630998846622373,0.1641104294478528
HI-Small,B1_random_uniform,B1: Random Uniform,XGBoost+GFP,42,0.8964321608040201,1015669,3753,99.63048985447031,0.918075422626788,0.5643485211830536,0.699009900990099,1.0,0.5,0.6666666666666666,0.032343234323432335,1.0,0.5,0.6666666666666666,0.032343234323432335,0.7142092181757362,0.8172804532577904,1.0,1.0,0.28579078182426376,0.18271954674220958
HI-Small,B1_random_uniform,B1: Random Uniform,XGBoost+GFP,123,0.9062814070351759,1015669,3753,99.63048985447031,0.9129287598944591,0.5531574740207834,0.6888999502239921,1.0,0.5,0.6666666666666666,0.022233283557325456,1.0,0.5,0.6666666666666666,0.022233283557325456,0.7261218635145135,0.8294797687861272,1.0,1.0,0.27387813648548653,0.17052023121387283
HI-Small,B1_random_uniform,B1: Random Uniform,XGBoost+GFP,456,0.9062814070351759,1015669,3753,99.63048985447031,0.9142480211081794,0.5539568345323741,0.6898954703832753,1.0,0.5,0.6666666666666666,0.023228803716608626,1.0,0.5,0.6666666666666666,0.023228803716608626,0.716046595070769,0.8210678210678211,1.0,1.0,0.28395340492923105,0.17893217893217894
HI-Small,B1_random_uniform,B1: Random Uniform,XGBoost+GFP,789,0.9062814070351759,1015669,3753,99.63048985447031,0.9041994750656168,0.5507593924860112,0.6845504222553402,1.0,0.5,0.6666666666666666,0.01788375558867361,1.0,0.5,0.6666666666666666,0.01788375558867361,0.716431307120764,0.8243831640058055,1.0,1.0,0.28356869287923603,0.17561683599419453
HI-Small,B1_random_uniform,B1: Random Uniform,XGBoost+GFP,1011,0.9161306532663317,1015669,3753,99.63048985447031,0.9230769230769231,0.5563549160671463,0.6942643391521197,1.0,0.5,0.6666666666666666,0.027597672485453084,1.0,0.5,0.6666666666666666,0.027597672485453084,0.7158399472119712,0.8204022988505747,1.0,1.0,0.2841600527880288,0.1795977011494253
HI-Small,B1_random_uniform,B1: Random Uniform,GCPAL+GFP,42,0.9752261306532664,1015669,3753,99.63048985447031,0.8597475455820477,0.49000799360511593,0.6242362525458248,1.0,0.5,0.6666666666666666,0.04243041412084181,1.0,0.5,0.6666666666666666,0.04243041412084181,0.6282915052412363,0.8169934640522876,1.0,1.0,0.37170849475876366,0.18300653594771243
HI-Small,B1_random_uniform,B1: Random Uniform,GCPAL+GFP,123,0.9752261306532664,1015669,3753,99.63048985447031,0.6834061135371179,0.5003996802557954,0.5777572681125981,1.0,0.5,0.6666666666666666,0.08890939855406854,1.0,0.5,0.6666666666666666,0.08890939855406854,0.6532917069728139,0.8073836276083467,1.0,1.0,0.3467082930271861,0.1926163723916533
HI-Small,B1_random_uniform,B1: Random Uniform,GCPAL+GFP,456,0.9850753768844221,1015669,3753,99.63048985447031,0.7852257181942545,0.45883293365307753,0.579212916246216,1.0,0.5,0.6666666666666666,0.08745375042045067,1.0,0.5,0.6666666666666666,0.08745375042045067,0.6094637266550633,0.8184991273996509,1.0,1.0,0.3905362733449367,0.18150087260034908
HI-Small,B1_random_uniform,B1: Random Uniform,GCPAL+GFP,789,0.9801507537688443,1015669,3753,99.63048985447031,0.8108882521489972,0.4524380495603517,0.5808106721395587,1.0,0.5,0.6666666666666666,0.0858559945271079,1.0,0.5,0.6666666666666666,0.0858559945271079,0.6161453442315632,0.823321554770318,1.0,1.0,0.3838546557684368,0.176678445229682
HI-Small,B1_random_uniform,B1: Random Uniform,GCPAL+GFP,1011,0.9752261306532664,1015669,3753,99.63048985447031,0.7900262467191601,0.4812150279776179,0.5981122702434177,1.0,0.5,0.6666666666666666,0.0685543964232489,1.0,0.5,0.6666666666666666,0.0685543964232489,0.6409374392498841,0.8202995008319468,1.0,1.0,0.3590625607501159,0.1797004991680532
HI-Small,B2_stratified_proportional,B2: Stratified Proportional,LightGBM+GFP,42,0.8816582914572865,1015669,3753,99.63048985447031,0.8858625162127107,0.5459632294164668,0.675568743818002,1.0,0.8,0.888888888888889,0.21332014507088692,1.0,0.8,0.8888888888888888,0.2133201450708868,0.7286731435807332,0.8301610541727672,0.3333333333333333,0.5,0.3953398102473999,0.3301610541727672
HI-Small,B2_stratified_proportional,B2: Stratified Proportional,LightGBM+GFP,123,0.857035175879397,1015669,3753,99.63048985447031,0.8759398496240601,0.5587529976019184,0.6822840409956076,1.0,0.6,0.7499999999999999,0.06771595900439231,1.0,0.6,0.75,0.06771595900439242,0.7259706755584593,0.8240343347639485,0.5,0.6666666666666666,0.2259706755584593,0.15736766809728187
HI-Small,B2_stratified_proportional,B2: Stratified Proportional,LightGBM+GFP,456,0.8718090452261307,1015669,3753,99.63048985447031,0.9081225033288948,0.5451638689048761,0.6813186813186813,1.0,0.6,0.7499999999999999,0.06868131868131855,1.0,0.6,0.75,0.06868131868131866,0.7374206488562319,0.8387096774193549,0.5,0.6666666666666666,0.23742064885623193,0.17204301075268824
HI-Small,B2_stratified_proportional,B2: Stratified Proportional,LightGBM+GFP,789,0.8668844221105528,1015669,3753,99.63048985447031,0.8635235732009926,0.5563549160671463,0.6767136606708799,1.0,0.8,0.888888888888889,0.21217522821800905,1.0,0.8,0.8888888888888888,0.21217522821800894,0.723819352714818,0.8261494252873564,0.3333333333333333,0.5,0.3904860193814847,0.32614942528735635
HI-Small,B2_stratified_proportional,B2: Stratified Proportional,LightGBM+GFP,1011,0.8816582914572865,1015669,3753,99.63048985447031,0.9118881118881119,0.5211830535571543,0.6632756866734486,1.0,0.8,0.888888888888889,0.22561320221544034,1.0,0.8,0.8888888888888888,0.22561320221544023,0.7369001153377627,0.8358895705521472,0.3333333333333333,0.5,0.40356678200442936,0.3358895705521472
HI-Small,B2_stratified_proportional,B2: Stratified Proportional,XGBoost+GFP,42,0.8964321608040201,1015669,3753,99.63048985447031,0.918075422626788,0.5643485211830536,0.699009900990099,1.0,0.8,0.888888888888889,0.18987898789878999,1.0,0.8,0.8888888888888888,0.18987898789878987,0.7142092181757362,0.8172804532577904,0.3333333333333333,0.5,0.3808758848424029,0.3172804532577904
HI-Small,B2_stratified_proportional,B2: Stratified Proportional,XGBoost+GFP,123,0.9062814070351759,1015669,3753,99.63048985447031,0.9129287598944591,0.5531574740207834,0.6888999502239921,1.0,0.8,0.888888888888889,0.19998893866489686,1.0,0.8,0.8888888888888888,0.19998893866489675,0.7261218635145135,0.8294797687861272,0.3333333333333333,0.5,0.39278853018118015,0.32947976878612717
HI-Small,B2_stratified_proportional,B2: Stratified Proportional,XGBoost+GFP,456,0.9062814070351759,1015669,3753,99.63048985447031,0.9142480211081794,0.5539568345323741,0.6898954703832753,1.0,0.8,0.888888888888889,0.1989934185056137,1.0,0.8,0.8888888888888888,0.19899341850561358,0.716046595070769,0.8210678210678211,0.3333333333333333,0.5,0.38271326173743564,0.32106782106782106
HI-Small,B2_stratified_proportional,B2: Stratified Proportional,XGBoost+GFP,789,0.9062814070351759,1015669,3753,99.63048985447031,0.9041994750656168,0.5507593924860112,0.6845504222553402,1.0,0.8,0.888888888888889,0.2043384666335487,1.0,0.8,0.8888888888888888,0.2043384666335486,0.716431307120764,0.8243831640058055,0.3333333333333333,0.5,0.38309797378743066,0.32438316400580547
HI-Small,B2_stratified_proportional,B2: Stratified Proportional,XGBoost+GFP,1011,0.9161306532663317,1015669,3753,99.63048985447031,0.9230769230769231,0.5563549160671463,0.6942643391521197,1.0,0.8,0.888888888888889,0.19462454973676924,1.0,0.8,0.8888888888888888,0.19462454973676913,0.7158399472119712,0.8204022988505747,0.3333333333333333,0.5,0.3825066138786379,0.3204022988505747
HI-Small,B2_stratified_proportional,B2: Stratified Proportional,GCPAL+GFP,42,0.9752261306532664,1015669,3753,99.63048985447031,0.8597475455820477,0.49000799360511593,0.6242362525458248,1.0,0.6,0.7499999999999999,0.12576374745417507,1.0,0.6,0.75,0.12576374745417518,0.6282915052412363,0.8169934640522876,0.2,0.3333333333333333,0.4282915052412363,0.48366013071895425
HI-Small,B2_stratified_proportional,B2: Stratified Proportional,GCPAL+GFP,123,0.9752261306532664,1015669,3753,99.63048985447031,0.6834061135371179,0.5003996802557954,0.5777572681125981,0.75,0.6,0.6666666666666665,0.08890939855406843,0.75,0.6,0.6666666666666666,0.08890939855406854,0.6532917069728139,0.8073836276083467,0.2,0.3333333333333333,0.4532917069728139,0.4740502942750134
HI-Small,B2_stratified_proportional,B2: Stratified Proportional,GCPAL+GFP,456,0.9850753768844221,1015669,3753,99.63048985447031,0.7852257181942545,0.45883293365307753,0.579212916246216,0.75,0.6,0.6666666666666665,0.08745375042045056,0.75,0.6,0.6666666666666666,0.08745375042045067,0.6094637266550633,0.8184991273996509,0.2,0.3333333333333333,0.4094637266550633,0.4851657940663176
HI-Small,B2_stratified_proportional,B2: Stratified Proportional,GCPAL+GFP,789,0.9801507537688443,1015669,3753,99.63048985447031,0.8108882521489972,0.4524380495603517,0.5808106721395587,0.75,0.6,0.6666666666666665,0.08585599452710779,0.75,0.6,0.6666666666666666,0.0858559945271079,0.6161453442315632,0.823321554770318,0.2,0.3333333333333333,0.4161453442315632,0.48998822143698467
HI-Small,B2_stratified_proportional,B2: Stratified Proportional,GCPAL+GFP,1011,0.9752261306532664,1015669,3753,99.63048985447031,0.7900262467191601,0.4812150279776179,0.5981122702434177,0.75,0.6,0.6666666666666665,0.06855439642324879,0.75,0.6,0.6666666666666666,0.0685543964232489,0.6409374392498841,0.8202995008319468,0.2,0.3333333333333333,0.4409374392498841,0.4869661674986135
HI-Small,B3_keep_ill_no_iw,B3: Keep-Ill + Random (no IW),LightGBM+GFP,42,0.8816582914572865,1015669,3753,99.63048985447031,0.8858625162127107,0.5459632294164668,0.675568743818002,1.0,0.5459632294164668,0.7063081695966908,0.030739425778688823,1.0,0.5459632294164668,0.7063081695966908,0.030739425778688823,0.7286731435807332,0.8301610541727672,0.7286731435807332,0.8301610541727672,0.0,0.0
HI-Small,B3_keep_ill_no_iw,B3: Keep-Ill + Random (no IW),LightGBM+GFP,123,0.857035175879397,1015669,3753,99.63048985447031,0.8759398496240601,0.5587529976019184,0.6822840409956076,1.0,0.5587529976019184,0.7169230769230769,0.03463903592746931,1.0,0.5587529976019184,0.7169230769230769,0.03463903592746931,0.7259706755584593,0.8240343347639485,0.7259706755584593,0.8240343347639485,0.0,0.0
HI-Small,B3_keep_ill_no_iw,B3: Keep-Ill + Random (no IW),LightGBM+GFP,456,0.8718090452261307,1015669,3753,99.63048985447031,0.9081225033288948,0.5451638689048761,0.6813186813186813,1.0,0.5451638689048761,0.7056389032591827,0.02432022194050132,1.0,0.5451638689048761,0.7056389032591827,0.02432022194050132,0.7374206488562319,0.8387096774193549,0.7374206488562319,0.8387096774193549,0.0,0.0
HI-Small,B3_keep_ill_no_iw,B3: Keep-Ill + Random (no IW),LightGBM+GFP,789,0.8668844221105528,1015669,3753,99.63048985447031,0.8635235732009926,0.5563549160671463,0.6767136606708799,1.0,0.5563549160671463,0.7149460708782742,0.03823241020739432,1.0,0.5563549160671463,0.7149460708782742,0.03823241020739432,0.723819352714818,0.8261494252873564,0.723819352714818,0.8261494252873564,0.0,0.0
HI-Small,B3_keep_ill_no_iw,B3: Keep-Ill + Random (no IW),LightGBM+GFP,1011,0.8816582914572865,1015669,3753,99.63048985447031,0.9118881118881119,0.5211830535571543,0.6632756866734486,1.0,0.5211830535571543,0.6852338413032054,0.02195815462975681,1.0,0.5211830535571543,0.6852338413032054,0.02195815462975681,0.7369001153377627,0.8358895705521472,0.7369001153377627,0.8358895705521472,0.0,0.0
HI-Small,B3_keep_ill_no_iw,B3: Keep-Ill + Random (no IW),XGBoost+GFP,42,0.8964321608040201,1015669,3753,99.63048985447031,0.918075422626788,0.5643485211830536,0.699009900990099,1.0,0.5643485211830536,0.7215125191619827,0.022502618171883704,1.0,0.5643485211830536,0.7215125191619827,0.022502618171883704,0.7142092181757362,0.8172804532577904,0.7142092181757362,0.8172804532577904,0.0,0.0
HI-Small,B3_keep_ill_no_iw,B3: Keep-Ill + Random (no IW),XGBoost+GFP,123,0.9062814070351759,1015669,3753,99.63048985447031,0.9129287598944591,0.5531574740207834,0.6888999502239921,1.0,0.5531574740207834,0.712300566134843,0.023400615910850964,1.0,0.5531574740207834,0.712300566134843,0.023400615910850964,0.7261218635145135,0.8294797687861272,0.7261218635145135,0.8294797687861272,0.0,0.0
HI-Small,B3_keep_ill_no_iw,B3: Keep-Ill + Random (no IW),XGBoost+GFP,456,0.9062814070351759,1015669,3753,99.63048985447031,0.9142480211081794,0.5539568345323741,0.6898954703832753,1.0,0.5539568345323741,0.7129629629629629,0.023067492579687654,1.0,0.5539568345323741,0.7129629629629629,0.023067492579687654,0.716046595070769,0.8210678210678211,0.716046595070769,0.8210678210678211,0.0,0.0
HI-Small,B3_keep_ill_no_iw,B3: Keep-Ill + Random (no IW),XGBoost+GFP,789,0.9062814070351759,1015669,3753,99.63048985447031,0.9041994750656168,0.5507593924860112,0.6845504222553402,1.0,0.5507593924860112,0.7103092783505155,0.025758856095175253,1.0,0.5507593924860112,0.7103092783505155,0.025758856095175253,0.716431307120764,0.8243831640058055,0.716431307120764,0.8243831640058055,0.0,0.0
HI-Small,B3_keep_ill_no_iw,B3: Keep-Ill + Random (no IW),XGBoost+GFP,1011,0.9161306532663317,1015669,3753,99.63048985447031,0.9230769230769231,0.5563549160671463,0.6942643391521197,1.0,0.5563549160671463,0.7149460708782742,0.020681731726154506,1.0,0.5563549160671463,0.7149460708782742,0.020681731726154506,0.7158399472119712,0.8204022988505747,0.7158399472119712,0.8204022988505747,0.0,0.0
HI-Small,B3_keep_ill_no_iw,B3: Keep-Ill + Random (no IW),GCPAL+GFP,42,0.9752261306532664,1015669,3753,99.63048985447031,0.8597475455820477,0.49000799360511593,0.6242362525458248,1.0,0.49000799360511593,0.657725321888412,0.03348906934258722,1.0,0.49000799360511593,0.657725321888412,0.03348906934258722,0.6282915052412363,0.8169934640522876,0.6282915052412363,0.8169934640522876,0.0,0.0
HI-Small,B3_keep_ill_no_iw,B3: Keep-Ill + Random (no IW),GCPAL+GFP,123,0.9752261306532664,1015669,3753,99.63048985447031,0.6834061135371179,0.5003996802557954,0.5777572681125981,1.0,0.5003996802557954,0.6670218433670752,0.08926457525447706,1.0,0.5003996802557954,0.6670218433670752,0.08926457525447706,0.6532917069728139,0.8073836276083467,0.6532917069728139,0.8073836276083467,0.0,0.0
HI-Small,B3_keep_ill_no_iw,B3: Keep-Ill + Random (no IW),GCPAL+GFP,456,0.9850753768844221,1015669,3753,99.63048985447031,0.7852257181942545,0.45883293365307753,0.579212916246216,1.0,0.45883293365307753,0.6290410958904109,0.04982817964419495,1.0,0.45883293365307753,0.6290410958904109,0.04982817964419495,0.6094637266550633,0.8184991273996509,0.6094637266550633,0.8184991273996509,0.0,0.0
HI-Small,B3_keep_ill_no_iw,B3: Keep-Ill + Random (no IW),GCPAL+GFP,789,0.9801507537688443,1015669,3753,99.63048985447031,0.8108882521489972,0.4524380495603517,0.5808106721395587,1.0,0.4524380495603517,0.6230049532195927,0.04219428108003398,1.0,0.4524380495603517,0.6230049532195927,0.04219428108003398,0.6161453442315632,0.823321554770318,0.6161453442315632,0.823321554770318,0.0,0.0
HI-Small,B3_keep_ill_no_iw,B3: Keep-Ill + Random (no IW),GCPAL+GFP,1011,0.9752261306532664,1015669,3753,99.63048985447031,0.7900262467191601,0.4812150279776179,0.5981122702434177,1.0,0.4812150279776179,0.6497571505666486,0.05164488032323089,1.0,0.4812150279776179,0.6497571505666486,0.05164488032323089,0.6409374392498841,0.8202995008319468,0.6409374392498841,0.8202995008319468,0.0,0.0
HI-Small,B4_v2_no_hardneg,B4: V2 w/o Hard-Neg,LightGBM+GFP,42,0.8816582914572865,1015669,3753,99.63048985447031,0.8858625162127107,0.5459632294164668,0.675568743818002,1.0,0.5459632294164668,0.7063081695966908,0.030739425778688823,1.0,0.5459632294164668,0.7063081695966908,0.030739425778688823,0.7286731435807332,0.8301610541727672,0.7286731435807332,0.8301610541727672,0.0,0.0
HI-Small,B4_v2_no_hardneg,B4: V2 w/o Hard-Neg,LightGBM+GFP,123,0.857035175879397,1015669,3753,99.63048985447031,0.8759398496240601,0.5587529976019184,0.6822840409956076,1.0,0.5587529976019184,0.7169230769230769,0.03463903592746931,1.0,0.5587529976019184,0.7169230769230769,0.03463903592746931,0.7259706755584593,0.8240343347639485,0.7259706755584593,0.8240343347639485,0.0,0.0
HI-Small,B4_v2_no_hardneg,B4: V2 w/o Hard-Neg,LightGBM+GFP,456,0.8718090452261307,1015669,3753,99.63048985447031,0.9081225033288948,0.5451638689048761,0.6813186813186813,0.6295064114057282,0.5451638689048761,0.5843071992110453,0.097011482107636,0.9985358711566618,0.5451638689048761,0.7052740434332989,0.023955362114617573,0.7374206488562319,0.8387096774193549,0.7374206488562319,0.8387096774193549,0.0,0.0
HI-Small,B4_v2_no_hardneg,B4: V2 w/o Hard-Neg,LightGBM+GFP,789,0.8668844221105528,1015669,3753,99.63048985447031,0.8635235732009926,0.5563549160671463,0.6767136606708799,1.0,0.5563549160671463,0.7149460708782742,0.03823241020739432,1.0,0.5563549160671463,0.7149460708782742,0.03823241020739432,0.723819352714818,0.8261494252873564,0.723819352714818,0.8261494252873564,0.0,0.0
HI-Small,B4_v2_no_hardneg,B4: V2 w/o Hard-Neg,LightGBM+GFP,1011,0.8816582914572865,1015669,3753,99.63048985447031,0.9118881118881119,0.5211830535571543,0.6632756866734486,1.0,0.5211830535571543,0.6852338413032054,0.02195815462975681,1.0,0.5211830535571543,0.6852338413032054,0.02195815462975681,0.7369001153377627,0.8358895705521472,0.7369001153377627,0.8358895705521472,0.0,0.0
HI-Small,B4_v2_no_hardneg,B4: V2 w/o Hard-Neg,XGBoost+GFP,42,0.8964321608040201,1015669,3753,99.63048985447031,0.918075422626788,0.5643485211830536,0.699009900990099,1.0,0.5643485211830536,0.7215125191619827,0.022502618171883704,1.0,0.5643485211830536,0.7215125191619827,0.022502618171883704,0.7142092181757362,0.8172804532577904,0.7142092181757362,0.8172804532577904,0.0,0.0
HI-Small,B4_v2_no_hardneg,B4: V2 w/o Hard-Neg,XGBoost+GFP,123,0.9062814070351759,1015669,3753,99.63048985447031,0.9129287598944591,0.5531574740207834,0.6888999502239921,1.0,0.5531574740207834,0.712300566134843,0.023400615910850964,1.0,0.5531574740207834,0.712300566134843,0.023400615910850964,0.7261218635145135,0.8294797687861272,0.7261218635145135,0.8294797687861272,0.0,0.0
HI-Small,B4_v2_no_hardneg,B4: V2 w/o Hard-Neg,XGBoost+GFP,456,0.9062814070351759,1015669,3753,99.63048985447031,0.9142480211081794,0.5539568345323741,0.6898954703832753,1.0,0.5539568345323741,0.7129629629629629,0.023067492579687654,1.0,0.5539568345323741,0.7129629629629629,0.023067492579687654,0.716046595070769,0.8210678210678211,0.716046595070769,0.8210678210678211,0.0,0.0
HI-Small,B4_v2_no_hardneg,B4: V2 w/o Hard-Neg,XGBoost+GFP,789,0.9062814070351759,1015669,3753,99.63048985447031,0.9041994750656168,0.5507593924860112,0.6845504222553402,1.0,0.5507593924860112,0.7103092783505155,0.025758856095175253,1.0,0.5507593924860112,0.7103092783505155,0.025758856095175253,0.716431307120764,0.8243831640058055,0.716431307120764,0.8243831640058055,0.0,0.0
HI-Small,B4_v2_no_hardneg,B4: V2 w/o Hard-Neg,XGBoost+GFP,1011,0.9161306532663317,1015669,3753,99.63048985447031,0.9230769230769231,0.5563549160671463,0.6942643391521197,1.0,0.5563549160671463,0.7149460708782742,0.020681731726154506,1.0,0.5563549160671463,0.7149460708782742,0.020681731726154506,0.7158399472119712,0.8204022988505747,0.7158399472119712,0.8204022988505747,0.0,0.0
HI-Small,B4_v2_no_hardneg,B4: V2 w/o Hard-Neg,GCPAL+GFP,42,0.9752261306532664,1015669,3753,99.63048985447031,0.8597475455820477,0.49000799360511593,0.6242362525458248,1.0,0.49000799360511593,0.657725321888412,0.03348906934258722,1.0,0.49000799360511593,0.657725321888412,0.03348906934258722,0.6282915052412363,0.8169934640522876,0.6282915052412363,0.8169934640522876,0.0,0.0
HI-Small,B4_v2_no_hardneg,B4: V2 w/o Hard-Neg,GCPAL+GFP,123,0.9752261306532664,1015669,3753,99.63048985447031,0.6834061135371179,0.5003996802557954,0.5777572681125981,1.0,0.5003996802557954,0.6670218433670752,0.08926457525447706,1.0,0.5003996802557954,0.6670218433670752,0.08926457525447706,0.6532917069728139,0.8073836276083467,0.6532917069728139,0.8073836276083467,0.0,0.0
HI-Small,B4_v2_no_hardneg,B4: V2 w/o Hard-Neg,GCPAL+GFP,456,0.9850753768844221,1015669,3753,99.63048985447031,0.7852257181942545,0.45883293365307753,0.579212916246216,1.0,0.45883293365307753,0.6290410958904109,0.04982817964419495,1.0,0.45883293365307753,0.6290410958904109,0.04982817964419495,0.6094637266550633,0.8184991273996509,0.6094637266550633,0.8184991273996509,0.0,0.0
HI-Small,B4_v2_no_hardneg,B4: V2 w/o Hard-Neg,GCPAL+GFP,789,0.9801507537688443,1015669,3753,99.63048985447031,0.8108882521489972,0.4524380495603517,0.5808106721395587,1.0,0.4524380495603517,0.6230049532195927,0.04219428108003398,1.0,0.4524380495603517,0.6230049532195927,0.04219428108003398,0.6161453442315632,0.823321554770318,0.6161453442315632,0.823321554770318,0.0,0.0
HI-Small,B4_v2_no_hardneg,B4: V2 w/o Hard-Neg,GCPAL+GFP,1011,0.9752261306532664,1015669,3753,99.63048985447031,0.7900262467191601,0.4812150279776179,0.5981122702434177,1.0,0.4812150279776179,0.6497571505666486,0.05164488032323089,1.0,0.4812150279776179,0.6497571505666486,0.05164488032323089,0.6409374392498841,0.8202995008319468,0.6409374392498841,0.8202995008319468,0.0,0.0
HI-Small,B5_fogliato_neyman,B5: Fogliato et al. (Neyman),LightGBM+GFP,42,0.8816582914572865,1015669,3753,99.63048985447031,0.8858625162127107,0.5459632294164668,0.675568743818002,0.8854465687596149,0.6414100702006433,0.7439262224563126,0.06835747863831054,0.8297872340425532,0.7959183673469388,0.8125,0.13693125618199797,0.7286731435807332,0.8301610541727672,0.7977139819245082,0.8205128205128205,0.06904083834377495,0.009648233659946714
HI-Small,B5_fogliato_neyman,B5: Fogliato et al. (Neyman),LightGBM+GFP,123,0.857035175879397,1015669,3753,99.63048985447031,0.8759398496240601,0.5587529976019184,0.6822840409956076,0.8846572641224236,0.691299379026803,0.776116551172751,0.09383251017714345,0.84,0.8571428571428571,0.8484848484848485,0.16620080748924093,0.7259706755584593,0.8240343347639485,0.7867063492063492,0.8095238095238095,0.0607356736478899,0.01451052524013896
HI-Small,B5_fogliato_neyman,B5: Fogliato et al. (Neyman),LightGBM+GFP,456,0.8718090452261307,1015669,3753,99.63048985447031,0.9081225033288948,0.5451638689048761,0.6813186813186813,0.9474334539260513,0.6414100702006433,0.7649505429141163,0.08363186159543501,0.9285714285714286,0.7959183673469388,0.8571428571428571,0.17582417582417575,0.7374206488562319,0.8387096774193549,0.7555197517603532,0.7948717948717948,0.01809910290412131,0.04383788254756005
HI-Small,B5_fogliato_neyman,B5: Fogliato et al. (Neyman),LightGBM+GFP,789,0.8668844221105528,1015669,3753,99.63048985447031,0.8635235732009926,0.5563549160671463,0.6767136606708799,0.8768016731581914,0.6580398398093632,0.7518306322508161,0.07511697157993624,0.8163265306122449,0.8163265306122449,0.8163265306122449,0.13961286994136501,0.723819352714818,0.8261494252873564,0.786079782790309,0.8,0.06226043007549098,0.02614942528735631
HI-Small,B5_fogliato_neyman,B5: Fogliato et al. (Neyman),LightGBM+GFP,1011,0.8816582914572865,1015669,3753,99.63048985447031,0.9118881118881119,0.5211830535571543,0.6632756866734486,0.8932893839793347,0.6153014755226354,0.7286830257113498,0.06540733903790119,0.8409090909090909,0.7551020408163265,0.7956989247311828,0.13242323805773415,0.7369001153377627,0.8358895705521472,0.8120915032679739,0.8378378378378378,0.07519138793021118,0.0019482672856906413
HI-Small,B5_fogliato_neyman,B5: Fogliato et al. (Neyman),XGBoost+GFP,42,0.8964321608040201,1015669,3753,99.63048985447031,0.918075422626788,0.5643485211830536,0.699009900990099,0.8945430920444228,0.6841484344873712,0.7753259528138208,0.07631605182372181,0.8571428571428571,0.8571428571428571,0.8571428571428571,0.15813295615275813,0.7142092181757362,0.8172804532577904,0.7863553113553114,0.8095238095238095,0.07214609317957521,0.007756643733980884
HI-Small,B5_fogliato_neyman,B5: Fogliato et al. (Neyman),XGBoost+GFP,123,0.9062814070351759,1015669,3753,99.63048985447031,0.9129287598944591,0.5531574740207834,0.6888999502239921,0.9585761743183367,0.6580398398093632,0.7803724652992133,0.09147251507522125,0.9302325581395349,0.8163265306122449,0.8695652173913043,0.18066526716731224,0.7261218635145135,0.8294797687861272,0.7857287449392713,0.8,0.059606881424757785,0.029479768786127125
HI-Small,B5_fogliato_neyman,B5: Fogliato et al. (Neyman),XGBoost+GFP,456,0.9062814070351759,1015669,3753,99.63048985447031,0.9142480211081794,0.5539568345323741,0.6898954703832753,0.8995236585535827,0.6580398398093632,0.7600619875869756,0.07016651720370037,0.851063829787234,0.8163265306122449,0.8333333333333334,0.14343786295005811,0.716046595070769,0.8210678210678211,0.7857287449392713,0.8,0.0696821498685023,0.021067821067821013
HI-Small,B5_fogliato_neyman,B5: Fogliato et al. (Neyman),XGBoost+GFP,789,0.9062814070351759,1015669,3753,99.63048985447031,0.9041994750656168,0.5507593924860112,0.6845504222553402,0.9244594801542553,0.6675186648786513,0.7752543084242215,0.09070388616888125,0.8913043478260869,0.8367346938775511,0.8631578947368421,0.17860747248150188,0.716431307120764,0.8243831640058055,0.7857287449392713,0.8048780487804879,0.06929743781850728,0.019505115225317615
HI-Small,B5_fogliato_neyman,B5: Fogliato et al. (Neyman),XGBoost+GFP,1011,0.9161306532663317,1015669,3753,99.63048985447031,0.9230769230769231,0.5563549160671463,0.6942643391521197,0.913328200970872,0.6746696094180831,0.776065025516139,0.08180068636401927,0.8723404255319149,0.8367346938775511,0.8541666666666666,0.15990232751454692,0.7158399472119712,0.8204022988505747,0.7863553113553114,0.8048780487804879,0.07051536414334025,0.015524250070086842
HI-Small,B5_fogliato_neyman,B5: Fogliato et al. (Neyman),GCPAL+GFP,42,0.9752261306532664,1015669,3753,99.63048985447031,0.8597475455820477,0.49000799360511593,0.6242362525458248,0.7100096172070789,0.5083719133308844,0.5925056126277922,0.0317306399180326,0.8157894736842105,0.6326530612244898,0.7126436781609196,0.08840742561509474,0.6282915052412363,0.8169934640522876,0.6248015873015873,0.8709677419354839,0.0034899179396490343,0.05397427788319631
HI-Small,B5_fogliato_neyman,B5: Fogliato et al. (Neyman),GCPAL+GFP,123,0.9752261306532664,1015669,3753,99.63048985447031,0.6834061135371179,0.5003996802557954,0.5777572681125981,0.5669808067800856,0.5915207613744836,0.5789908753347982,0.001233607222200117,0.72,0.7346938775510204,0.7272727272727273,0.1495154591601292,0.6532917069728139,0.8073836276083467,0.7947420634920634,0.8611111111111112,0.14145035651924953,0.05372748350276446
HI-Small,B5_fogliato_neyman,B5: Fogliato et al. (Neyman),GCPAL+GFP,456,0.9850753768844221,1015669,3753,99.63048985447031,0.7852257181942545,0.45883293365307753,0.579212916246216,0.7263175376313387,0.4584826045047247,0.5621268001374565,0.01708611610875943,0.8235294117647058,0.5714285714285714,0.6746987951807228,0.09548587893450688,0.6094637266550633,0.8184991273996509,0.6843253968253968,0.8571428571428571,0.07486167017033352,0.03864372974320618
HI-Small,B5_fogliato_neyman,B5: Fogliato et al. (Neyman),GCPAL+GFP,789,0.9801507537688443,1015669,3753,99.63048985447031,0.8108882521489972,0.4524380495603517,0.5808106721395587,0.8919616646910599,0.42522306528728493,0.5758989829542247,0.004911689185334023,0.9285714285714286,0.5306122448979592,0.6753246753246753,0.0945140031851166,0.6161453442315632,0.823321554770318,0.5136904761904761,0.8461538461538461,0.10245486804108705,0.022832291383528158
HI-Small,B5_fogliato_neyman,B5: Fogliato et al. (Neyman),GCPAL+GFP,1011,0.9752261306532664,1015669,3753,99.63048985447031,0.7900262467191601,0.4812150279776179,0.5981122702434177,0.7498445626022819,0.5178507384001724,0.6126197046275779,0.014507434384160134,0.8421052631578947,0.6530612244897959,0.735632183908046,0.13751991366462823,0.6409374392498841,0.8202995008319468,0.7192460317460316,0.875,0.07830859249614752,0.054700499168053196
HI-Small,B6_leskovec_rw,B6: Leskovec RW [14],LightGBM+GFP,42,0.8816582914572865,1015669,3753,99.63048985447031,0.8858625162127107,0.5459632294164668,0.675568743818002,0.0,0.0,0.0,0.675568743818002,0.0,0.0,0.0,0.675568743818002,0.7286731435807332,0.8301610541727672,0.0,0.0,0.7286731435807332,0.8301610541727672
HI-Small,B6_leskovec_rw,B6: Leskovec RW [14],LightGBM+GFP,123,0.857035175879397,1015669,3753,99.63048985447031,0.8759398496240601,0.5587529976019184,0.6822840409956076,0.0,0.0,0.0,0.6822840409956076,0.0,0.0,0.0,0.6822840409956076,0.7259706755584593,0.8240343347639485,0.0,0.0,0.7259706755584593,0.8240343347639485
HI-Small,B6_leskovec_rw,B6: Leskovec RW [14],LightGBM+GFP,456,0.8718090452261307,1015669,3753,99.63048985447031,0.9081225033288948,0.5451638689048761,0.6813186813186813,0.0,0.0,0.0,0.6813186813186813,0.0,0.0,0.0,0.6813186813186813,0.7374206488562319,0.8387096774193549,0.0,0.0,0.7374206488562319,0.8387096774193549
HI-Small,B6_leskovec_rw,B6: Leskovec RW [14],LightGBM+GFP,789,0.8668844221105528,1015669,3753,99.63048985447031,0.8635235732009926,0.5563549160671463,0.6767136606708799,0.0,0.0,0.0,0.6767136606708799,0.0,0.0,0.0,0.6767136606708799,0.723819352714818,0.8261494252873564,0.0,0.0,0.723819352714818,0.8261494252873564
HI-Small,B6_leskovec_rw,B6: Leskovec RW [14],LightGBM+GFP,1011,0.8816582914572865,1015669,3753,99.63048985447031,0.9118881118881119,0.5211830535571543,0.6632756866734486,0.0,0.0,0.0,0.6632756866734486,0.0,0.0,0.0,0.6632756866734486,0.7369001153377627,0.8358895705521472,0.0,0.0,0.7369001153377627,0.8358895705521472
HI-Small,B6_leskovec_rw,B6: Leskovec RW [14],XGBoost+GFP,42,0.8964321608040201,1015669,3753,99.63048985447031,0.918075422626788,0.5643485211830536,0.699009900990099,0.0,0.0,0.0,0.699009900990099,0.0,0.0,0.0,0.699009900990099,0.7142092181757362,0.8172804532577904,0.0,0.0,0.7142092181757362,0.8172804532577904
HI-Small,B6_leskovec_rw,B6: Leskovec RW [14],XGBoost+GFP,123,0.9062814070351759,1015669,3753,99.63048985447031,0.9129287598944591,0.5531574740207834,0.6888999502239921,0.0,0.0,0.0,0.6888999502239921,0.0,0.0,0.0,0.6888999502239921,0.7261218635145135,0.8294797687861272,0.0,0.0,0.7261218635145135,0.8294797687861272
HI-Small,B6_leskovec_rw,B6: Leskovec RW [14],XGBoost+GFP,456,0.9062814070351759,1015669,3753,99.63048985447031,0.9142480211081794,0.5539568345323741,0.6898954703832753,0.0,0.0,0.0,0.6898954703832753,0.0,0.0,0.0,0.6898954703832753,0.716046595070769,0.8210678210678211,0.0,0.0,0.716046595070769,0.8210678210678211
HI-Small,B6_leskovec_rw,B6: Leskovec RW [14],XGBoost+GFP,789,0.9062814070351759,1015669,3753,99.63048985447031,0.9041994750656168,0.5507593924860112,0.6845504222553402,0.0,0.0,0.0,0.6845504222553402,0.0,0.0,0.0,0.6845504222553402,0.716431307120764,0.8243831640058055,0.0,0.0,0.716431307120764,0.8243831640058055
HI-Small,B6_leskovec_rw,B6: Leskovec RW [14],XGBoost+GFP,1011,0.9161306532663317,1015669,3753,99.63048985447031,0.9230769230769231,0.5563549160671463,0.6942643391521197,0.0,0.0,0.0,0.6942643391521197,0.0,0.0,0.0,0.6942643391521197,0.7158399472119712,0.8204022988505747,0.0,0.0,0.7158399472119712,0.8204022988505747
HI-Small,B6_leskovec_rw,B6: Leskovec RW [14],GCPAL+GFP,42,0.9752261306532664,1015669,3753,99.63048985447031,0.8597475455820477,0.49000799360511593,0.6242362525458248,0.0,0.0,0.0,0.6242362525458248,0.0,0.0,0.0,0.6242362525458248,0.6282915052412363,0.8169934640522876,0.0,0.0,0.6282915052412363,0.8169934640522876
HI-Small,B6_leskovec_rw,B6: Leskovec RW [14],GCPAL+GFP,123,0.9752261306532664,1015669,3753,99.63048985447031,0.6834061135371179,0.5003996802557954,0.5777572681125981,0.0,0.0,0.0,0.5777572681125981,0.0,0.0,0.0,0.5777572681125981,0.6532917069728139,0.8073836276083467,0.0,0.0,0.6532917069728139,0.8073836276083467
HI-Small,B6_leskovec_rw,B6: Leskovec RW [14],GCPAL+GFP,456,0.9850753768844221,1015669,3753,99.63048985447031,0.7852257181942545,0.45883293365307753,0.579212916246216,0.0,0.0,0.0,0.579212916246216,0.0,0.0,0.0,0.579212916246216,0.6094637266550633,0.8184991273996509,0.0,0.0,0.6094637266550633,0.8184991273996509
HI-Small,B6_leskovec_rw,B6: Leskovec RW [14],GCPAL+GFP,789,0.9801507537688443,1015669,3753,99.63048985447031,0.8108882521489972,0.4524380495603517,0.5808106721395587,0.0,0.0,0.0,0.5808106721395587,0.0,0.0,0.0,0.5808106721395587,0.6161453442315632,0.823321554770318,0.0,0.0,0.6161453442315632,0.823321554770318
HI-Small,B6_leskovec_rw,B6: Leskovec RW [14],GCPAL+GFP,1011,0.9752261306532664,1015669,3753,99.63048985447031,0.7900262467191601,0.4812150279776179,0.5981122702434177,0.0,0.0,0.0,0.5981122702434177,0.0,0.0,0.0,0.5981122702434177,0.6409374392498841,0.8202995008319468,0.0,0.0,0.6409374392498841,0.8202995008319468
HI-Small,B7_gao_stratified,B7: Gao et al. [15],LightGBM+GFP,42,0.8816582914572865,1015669,3753,99.63048985447031,0.8858625162127107,0.5459632294164668,0.675568743818002,0.75,0.5,0.6,0.07556874381800205,0.75,0.5,0.6,0.07556874381800205,0.7286731435807332,0.8301610541727672,1.0,1.0,0.2713268564192668,0.1698389458272328
HI-Small,B7_gao_stratified,B7: Gao et al. [15],LightGBM+GFP,123,0.857035175879397,1015669,3753,99.63048985447031,0.8759398496240601,0.5587529976019184,0.6822840409956076,0.75,0.5,0.6,0.0822840409956076,0.75,0.5,0.6,0.0822840409956076,0.7259706755584593,0.8240343347639485,1.0,1.0,0.2740293244415407,0.1759656652360515
HI-Small,B7_gao_stratified,B7: Gao et al. [15],LightGBM+GFP,456,0.8718090452261307,1015669,3753,99.63048985447031,0.9081225033288948,0.5451638689048761,0.6813186813186813,1.0,0.5,0.6666666666666666,0.014652014652014711,1.0,0.5,0.6666666666666666,0.014652014652014711,0.7374206488562319,0.8387096774193549,1.0,1.0,0.26257935114376807,0.16129032258064513
HI-Small,B7_gao_stratified,B7: Gao et al. [15],LightGBM+GFP,789,0.8668844221105528,1015669,3753,99.63048985447031,0.8635235732009926,0.5563549160671463,0.6767136606708799,0.75,0.5,0.6,0.07671366067087992,0.75,0.5,0.6,0.07671366067087992,0.723819352714818,0.8261494252873564,1.0,1.0,0.276180647285182,0.17385057471264365
HI-Small,B7_gao_stratified,B7: Gao et al. [15],LightGBM+GFP,1011,0.8816582914572865,1015669,3753,99.63048985447031,0.9118881118881119,0.5211830535571543,0.6632756866734486,1.0,0.5,0.6666666666666666,0.003390979993218024,1.0,0.5,0.6666666666666666,0.003390979993218024,0.7369001153377627,0.8358895705521472,1.0,1.0,0.2630998846622373,0.1641104294478528
HI-Small,B7_gao_stratified,B7: Gao et al. [15],XGBoost+GFP,42,0.8964321608040201,1015669,3753,99.63048985447031,0.918075422626788,0.5643485211830536,0.699009900990099,1.0,0.5,0.6666666666666666,0.032343234323432335,1.0,0.5,0.6666666666666666,0.032343234323432335,0.7142092181757362,0.8172804532577904,1.0,1.0,0.28579078182426376,0.18271954674220958
HI-Small,B7_gao_stratified,B7: Gao et al. [15],XGBoost+GFP,123,0.9062814070351759,1015669,3753,99.63048985447031,0.9129287598944591,0.5531574740207834,0.6888999502239921,1.0,0.5,0.6666666666666666,0.022233283557325456,1.0,0.5,0.6666666666666666,0.022233283557325456,0.7261218635145135,0.8294797687861272,1.0,1.0,0.27387813648548653,0.17052023121387283
HI-Small,B7_gao_stratified,B7: Gao et al. [15],XGBoost+GFP,456,0.9062814070351759,1015669,3753,99.63048985447031,0.9142480211081794,0.5539568345323741,0.6898954703832753,1.0,0.5,0.6666666666666666,0.023228803716608626,1.0,0.5,0.6666666666666666,0.023228803716608626,0.716046595070769,0.8210678210678211,1.0,1.0,0.28395340492923105,0.17893217893217894
HI-Small,B7_gao_stratified,B7: Gao et al. [15],XGBoost+GFP,789,0.9062814070351759,1015669,3753,99.63048985447031,0.9041994750656168,0.5507593924860112,0.6845504222553402,1.0,0.5,0.6666666666666666,0.01788375558867361,1.0,0.5,0.6666666666666666,0.01788375558867361,0.716431307120764,0.8243831640058055,1.0,1.0,0.28356869287923603,0.17561683599419453
HI-Small,B7_gao_stratified,B7: Gao et al. [15],XGBoost+GFP,1011,0.9161306532663317,1015669,3753,99.63048985447031,0.9230769230769231,0.5563549160671463,0.6942643391521197,1.0,0.5,0.6666666666666666,0.027597672485453084,1.0,0.5,0.6666666666666666,0.027597672485453084,0.7158399472119712,0.8204022988505747,1.0,1.0,0.2841600527880288,0.1795977011494253
HI-Small,B7_gao_stratified,B7: Gao et al. [15],GCPAL+GFP,42,0.9752261306532664,1015669,3753,99.63048985447031,0.8597475455820477,0.49000799360511593,0.6242362525458248,1.0,0.5,0.6666666666666666,0.04243041412084181,1.0,0.5,0.6666666666666666,0.04243041412084181,0.6282915052412363,0.8169934640522876,1.0,1.0,0.37170849475876366,0.18300653594771243
HI-Small,B7_gao_stratified,B7: Gao et al. [15],GCPAL+GFP,123,0.9752261306532664,1015669,3753,99.63048985447031,0.6834061135371179,0.5003996802557954,0.5777572681125981,1.0,0.5,0.6666666666666666,0.08890939855406854,1.0,0.5,0.6666666666666666,0.08890939855406854,0.6532917069728139,0.8073836276083467,1.0,1.0,0.3467082930271861,0.1926163723916533
HI-Small,B7_gao_stratified,B7: Gao et al. [15],GCPAL+GFP,456,0.9850753768844221,1015669,3753,99.63048985447031,0.7852257181942545,0.45883293365307753,0.579212916246216,1.0,0.5,0.6666666666666666,0.08745375042045067,1.0,0.5,0.6666666666666666,0.08745375042045067,0.6094637266550633,0.8184991273996509,1.0,1.0,0.3905362733449367,0.18150087260034908
HI-Small,B7_gao_stratified,B7: Gao et al. [15],GCPAL+GFP,789,0.9801507537688443,1015669,3753,99.63048985447031,0.8108882521489972,0.4524380495603517,0.5808106721395587,1.0,0.3333333333333333,0.5,0.08081067213955873,1.0,0.3333333333333333,0.5,0.08081067213955873,0.6161453442315632,0.823321554770318,1.0,1.0,0.3838546557684368,0.176678445229682
HI-Small,B7_gao_stratified,B7: Gao et al. [15],GCPAL+GFP,1011,0.9752261306532664,1015669,3753,99.63048985447031,0.7900262467191601,0.4812150279776179,0.5981122702434177,1.0,0.5,0.6666666666666666,0.0685543964232489,1.0,0.5,0.6666666666666666,0.0685543964232489,0.6409374392498841,0.8202995008319468,1.0,1.0,0.3590625607501159,0.1797004991680532
HI-Small,ablation-redraw,V2: Coreset + IW (ours),LightGBM+GFP,42,0.8816582914572865,1015669,3753,99.63048985447031,0.8858625162127107,0.5459632294164668,0.675568743818002,0.8858625162127107,0.5459632294164668,0.675568743818002,0.0,0.8858625162127107,0.5459632294164668,0.675568743818002,0.0,0.7286731435807332,0.8301610541727672,0.7286731435807332,0.8301610541727672,0.0,0.0
HI-Small,ablation-redraw,V2: Coreset + IW (ours),LightGBM+GFP,123,0.857035175879397,1015669,3753,99.63048985447031,0.8759398496240601,0.5587529976019184,0.6822840409956076,0.8759398496240601,0.5587529976019184,0.6822840409956076,0.0,0.8759398496240601,0.5587529976019184,0.6822840409956076,0.0,0.7259706755584593,0.8240343347639485,0.7259706755584593,0.8240343347639485,0.0,0.0
HI-Small,ablation-redraw,V2: Coreset + IW (ours),LightGBM+GFP,456,0.8718090452261307,1015669,3753,99.63048985447031,0.9081225033288948,0.5451638689048761,0.6813186813186813,0.9081225033288948,0.5451638689048761,0.6813186813186815,1.1102230246251565e-16,0.9081225033288948,0.5451638689048761,0.6813186813186813,0.0,0.7374206488562319,0.8387096774193549,0.7374206488562319,0.8387096774193549,0.0,0.0
HI-Small,ablation-redraw,V2: Coreset + IW (ours),LightGBM+GFP,789,0.8668844221105528,1015669,3753,99.63048985447031,0.8635235732009926,0.5563549160671463,0.6767136606708799,0.8645962732919255,0.5563549160671463,0.6770428015564203,0.0003291408855403688,0.8645962732919255,0.5563549160671463,0.6770428015564203,0.0003291408855403688,0.723819352714818,0.8261494252873564,0.723819352714818,0.8261494252873564,0.0,0.0
HI-Small,ablation-redraw,V2: Coreset + IW (ours),LightGBM+GFP,1011,0.8816582914572865,1015669,3753,99.63048985447031,0.9118881118881119,0.5211830535571543,0.6632756866734486,0.9118881118881119,0.5211830535571543,0.6632756866734486,0.0,0.9118881118881119,0.5211830535571543,0.6632756866734486,0.0,0.7369001153377627,0.8358895705521472,0.7369001153377627,0.8358895705521472,0.0,0.0
HI-Small,ablation-redraw,V2: Coreset + IW (ours),XGBoost+GFP,42,0.8964321608040201,1015669,3753,99.63048985447031,0.918075422626788,0.5643485211830536,0.699009900990099,0.918075422626788,0.5643485211830536,0.699009900990099,0.0,0.918075422626788,0.5643485211830536,0.699009900990099,0.0,0.7142092181757362,0.8172804532577904,0.7142092181757362,0.8172804532577904,0.0,0.0
HI-Small,ablation-redraw,V2: Coreset + IW (ours),XGBoost+GFP,123,0.9062814070351759,1015669,3753,99.63048985447031,0.9129287598944591,0.5531574740207834,0.6888999502239921,0.9129287598944591,0.5531574740207834,0.6888999502239921,0.0,0.9129287598944591,0.5531574740207834,0.6888999502239921,0.0,0.7261218635145135,0.8294797687861272,0.7261218635145135,0.8294797687861272,0.0,0.0
HI-Small,ablation-redraw,V2: Coreset + IW (ours),XGBoost+GFP,456,0.9062814070351759,1015669,3753,99.63048985447031,0.9142480211081794,0.5539568345323741,0.6898954703832753,0.9142480211081794,0.5539568345323741,0.6898954703832751,1.1102230246251565e-16,0.9142480211081794,0.5539568345323741,0.6898954703832753,0.0,0.716046595070769,0.8210678210678211,0.716046595070769,0.8210678210678211,0.0,0.0
HI-Small,ablation-redraw,V2: Coreset + IW (ours),XGBoost+GFP,789,0.9062814070351759,1015669,3753,99.63048985447031,0.9041994750656168,0.5507593924860112,0.6845504222553402,0.9041994750656168,0.5507593924860112,0.6845504222553404,1.1102230246251565e-16,0.9041994750656168,0.5507593924860112,0.6845504222553402,0.0,0.716431307120764,0.8243831640058055,0.716431307120764,0.8243831640058055,0.0,0.0
HI-Small,ablation-redraw,V2: Coreset + IW (ours),XGBoost+GFP,1011,0.9161306532663317,1015669,3753,99.63048985447031,0.9230769230769231,0.5563549160671463,0.6942643391521197,0.9230769230769231,0.5563549160671463,0.6942643391521197,0.0,0.9230769230769231,0.5563549160671463,0.6942643391521197,0.0,0.7158399472119712,0.8204022988505747,0.7158399472119712,0.8204022988505747,0.0,0.0
HI-Small,ablation-redraw,V2: Coreset + IW (ours),GCPAL+GFP,42,0.9752261306532664,1015669,3753,99.63048985447031,0.8597475455820477,0.49000799360511593,0.6242362525458248,0.9548286604361371,0.49000799360511593,0.647649234020074,0.023412981474249195,0.9548286604361371,0.49000799360511593,0.6476492340200739,0.023412981474249084,0.6282915052412363,0.8169934640522876,0.6282915052412363,0.8169934640522876,0.0,0.0
HI-Small,ablation-redraw,V2: Coreset + IW (ours),GCPAL+GFP,123,0.9752261306532664,1015669,3753,99.63048985447031,0.6834061135371179,0.5003996802557954,0.5777572681125981,0.5546422687837861,0.5003996802557954,0.5261265946977868,0.05163067341481131,0.9499241274658573,0.5003996802557954,0.6554973821989529,0.07774011408635484,0.6532917069728139,0.8073836276083467,0.6532917069728139,0.8073836276083467,0.0,0.0
HI-Small,ablation-redraw,V2: Coreset + IW (ours),GCPAL+GFP,456,0.9850753768844221,1015669,3753,99.63048985447031,0.7852257181942545,0.45883293365307753,0.579212916246216,0.9566666666666667,0.45883293365307753,0.6202052944354404,0.04099237818922441,0.9566666666666667,0.45883293365307753,0.6202052944354403,0.0409923781892243,0.6094637266550633,0.8184991273996509,0.6094637266550633,0.8184991273996509,0.0,0.0
HI-Small,ablation-redraw,V2: Coreset + IW (ours),GCPAL+GFP,789,0.9801507537688443,1015669,3753,99.63048985447031,0.8108882521489972,0.4524380495603517,0.5808106721395587,0.9642248722316865,0.4524380495603517,0.6158868335146899,0.03507616137513114,0.9642248722316865,0.4524380495603517,0.6158868335146899,0.03507616137513114,0.6161453442315632,0.823321554770318,0.6161453442315632,0.823321554770318,0.0,0.0
HI-Small,ablation-redraw,V2: Coreset + IW (ours),GCPAL+GFP,1011,0.9752261306532664,1015669,3753,99.63048985447031,0.7900262467191601,0.4812150279776179,0.5981122702434177,0.9647435897435898,0.4812150279776179,0.6421333333333333,0.0440210630899156,0.9647435897435898,0.4812150279776179,0.6421333333333333,0.0440210630899156,0.6409374392498841,0.8202995008319468,0.6409374392498841,0.8202995008319468,0.0,0.0
LI-Small,B1_random_uniform,B1: Random Uniform,LightGBM+GFP,42,0.635427135678392,1384810,2268,99.83622301976445,0.6088888888888889,0.18121693121693122,0.2793068297655454,0.0,0.0,0.0,0.2793068297655454,0.0,0.0,0.0,0.2793068297655454,0.6306804093013183,0.7925925925925926,0.0,0.0,0.6306804093013183,0.7925925925925926
LI-Small,B1_random_uniform,B1: Random Uniform,LightGBM+GFP,123,0.541859296482412,1384810,2268,99.83622301976445,0.5590551181102362,0.18783068783068782,0.2811881188118812,0.0,0.0,0.0,0.2811881188118812,0.0,0.0,0.0,0.2811881188118812,0.6288680365763326,0.7985611510791367,0.0,0.0,0.6288680365763326,0.7985611510791367
LI-Small,B1_random_uniform,B1: Random Uniform,LightGBM+GFP,456,0.54678391959799,1384810,2268,99.83622301976445,0.6042553191489362,0.18783068783068782,0.2865792129162462,0.0,0.0,0.0,0.2865792129162462,0.0,0.0,0.0,0.2865792129162462,0.6314542307056534,0.7985611510791367,0.0,0.0,0.6314542307056534,0.7985611510791367
LI-Small,B1_random_uniform,B1: Random Uniform,LightGBM+GFP,789,0.6305025125628141,1384810,2268,99.83622301976445,0.6026200873362445,0.18253968253968253,0.2802030456852792,0.0,0.0,0.0,0.2802030456852792,0.0,0.0,0.0,0.2802030456852792,0.6321553011448482,0.8,0.0,0.0,0.6321553011448482,0.8
LI-Small,B1_random_uniform,B1: Random Uniform,LightGBM+GFP,1011,0.5517085427135678,1384810,2268,99.83622301976445,0.5708502024291497,0.1865079365079365,0.2811565304087737,0.0,0.0,0.0,0.2811565304087737,0.0,0.0,0.0,0.2811565304087737,0.6313360273959608,0.7971014492753623,0.0,0.0,0.6313360273959608,0.7971014492753623
LI-Small,B1_random_uniform,B1: Random Uniform,XGBoost+GFP,42,0.5517085427135678,1384810,2268,99.83622301976445,0.6618357487922706,0.18121693121693122,0.284527518172378,0.0,0.0,0.0,0.284527518172378,0.0,0.0,0.0,0.284527518172378,0.6555516640514112,0.8666666666666667,0.0,0.0,0.6555516640514112,0.8666666666666667
LI-Small,B1_random_uniform,B1: Random Uniform,XGBoost+GFP,123,0.6698994974874373,1384810,2268,99.83622301976445,0.7816091954022989,0.17989417989417988,0.2924731182795699,0.0,0.0,0.0,0.2924731182795699,0.0,0.0,0.0,0.2924731182795699,0.6555879229858551,0.8666666666666667,0.0,0.0,0.6555879229858551,0.8666666666666667
LI-Small,B1_random_uniform,B1: Random Uniform,XGBoost+GFP,456,0.5123115577889448,1384810,2268,99.83622301976445,0.6529680365296804,0.18915343915343916,0.29333333333333333,0.0,0.0,0.0,0.29333333333333333,0.0,0.0,0.0,0.29333333333333333,0.6485676325070953,0.851063829787234,0.0,0.0,0.6485676325070953,0.851063829787234
LI-Small,B1_random_uniform,B1: Random Uniform,XGBoost+GFP,789,0.5812562814070352,1384810,2268,99.83622301976445,0.700507614213198,0.18253968253968253,0.28961175236096537,0.0,0.0,0.0,0.28961175236096537,0.0,0.0,0.0,0.28961175236096537,0.6537502856052959,0.8602941176470589,0.0,0.0,0.6537502856052959,0.8602941176470589
LI-Small,B1_random_uniform,B1: Random Uniform,XGBoost+GFP,1011,0.635427135678392,1384810,2268,99.83622301976445,0.7444444444444445,0.17724867724867724,0.2863247863247863,0.0,0.0,0.0,0.2863247863247863,0.0,0.0,0.0,0.2863247863247863,0.6552175526154846,0.8646616541353384,0.0,0.0,0.6552175526154846,0.8646616541353384
LI-Small,B1_random_uniform,B1: Random Uniform,GCPAL+GFP,42,0.45321608040201006,1384810,2268,99.83622301976445,0.19844357976653695,0.1349206349206349,0.16062992125984252,0.0,0.0,0.0,0.16062992125984252,0.0,0.0,0.0,0.16062992125984252,0.6538275389207067,0.7634408602150538,0.0,0.0,0.6538275389207067,0.7634408602150538
LI-Small,B1_random_uniform,B1: Random Uniform,GCPAL+GFP,123,0.6600502512562815,1384810,2268,99.83622301976445,0.39285714285714285,0.10185185185185185,0.16176470588235295,0.0,0.0,0.0,0.16176470588235295,0.0,0.0,0.0,0.16176470588235295,0.6738872238872239,0.8,0.0,0.0,0.6738872238872239,0.8
LI-Small,B1_random_uniform,B1: Random Uniform,GCPAL+GFP,456,0.541859296482412,1384810,2268,99.83622301976445,0.27611940298507465,0.14682539682539683,0.19170984455958548,0.0,0.0,0.0,0.19170984455958548,0.0,0.0,0.0,0.19170984455958548,0.6380045351473923,0.7314814814814815,0.0,0.0,0.6380045351473923,0.7314814814814815
LI-Small,B1_random_uniform,B1: Random Uniform,GCPAL+GFP,789,0.635427135678392,1384810,2268,99.83622301976445,0.3813559322033898,0.11904761904761904,0.1814516129032258,0.0,0.0,0.0,0.1814516129032258,0.0,0.0,0.0,0.1814516129032258,0.6720704582773548,0.7906976744186046,0.0,0.0,0.6720704582773548,0.7906976744186046
LI-Small,B1_random_uniform,B1: Random Uniform,GCPAL+GFP,1011,0.635427135678392,1384810,2268,99.83622301976445,0.35384615384615387,0.12169312169312169,0.18110236220472442,0.0,0.0,0.0,0.18110236220472442,0.0,0.0,0.0,0.18110236220472442,0.6662483133427443,0.7752808988764045,0.0,0.0,0.6662483133427443,0.7752808988764045
LI-Small,B2_stratified_proportional,B2: Stratified Proportional,LightGBM+GFP,42,0.635427135678392,1384810,2268,99.83622301976445,0.6088888888888889,0.18121693121693122,0.2793068297655454,1.0,1.0,1.0,0.7206931702344546,1.0,1.0,1.0,0.7206931702344546,0.6306804093013183,0.7925925925925926,1.0,1.0,0.3693195906986817,0.20740740740740737
LI-Small,B2_stratified_proportional,B2: Stratified Proportional,LightGBM+GFP,123,0.541859296482412,1384810,2268,99.83622301976445,0.5590551181102362,0.18783068783068782,0.2811881188118812,1.0,1.0,1.0,0.7188118811881188,1.0,1.0,1.0,0.7188118811881188,0.6288680365763326,0.7985611510791367,1.0,1.0,0.3711319634236674,0.20143884892086328
LI-Small,B2_stratified_proportional,B2: Stratified Proportional,LightGBM+GFP,456,0.54678391959799,1384810,2268,99.83622301976445,0.6042553191489362,0.18783068783068782,0.2865792129162462,1.0,1.0,1.0,0.7134207870837538,1.0,1.0,1.0,0.7134207870837538,0.6314542307056534,0.7985611510791367,1.0,1.0,0.36854576929434657,0.20143884892086328
LI-Small,B2_stratified_proportional,B2: Stratified Proportional,LightGBM+GFP,789,0.6305025125628141,1384810,2268,99.83622301976445,0.6026200873362445,0.18253968253968253,0.2802030456852792,1.0,1.0,1.0,0.7197969543147208,1.0,1.0,1.0,0.7197969543147208,0.6321553011448482,0.8,1.0,1.0,0.3678446988551518,0.19999999999999996
LI-Small,B2_stratified_proportional,B2: Stratified Proportional,LightGBM+GFP,1011,0.5517085427135678,1384810,2268,99.83622301976445,0.5708502024291497,0.1865079365079365,0.2811565304087737,1.0,1.0,1.0,0.7188434695912262,1.0,1.0,1.0,0.7188434695912262,0.6313360273959608,0.7971014492753623,1.0,1.0,0.36866397260403916,0.2028985507246377
LI-Small,B2_stratified_proportional,B2: Stratified Proportional,XGBoost+GFP,42,0.5517085427135678,1384810,2268,99.83622301976445,0.6618357487922706,0.18121693121693122,0.284527518172378,1.0,1.0,1.0,0.715472481827622,1.0,1.0,1.0,0.715472481827622,0.6555516640514112,0.8666666666666667,1.0,1.0,0.3444483359485888,0.1333333333333333
LI-Small,B2_stratified_proportional,B2: Stratified Proportional,XGBoost+GFP,123,0.6698994974874373,1384810,2268,99.83622301976445,0.7816091954022989,0.17989417989417988,0.2924731182795699,1.0,1.0,1.0,0.7075268817204301,1.0,1.0,1.0,0.7075268817204301,0.6555879229858551,0.8666666666666667,1.0,1.0,0.3444120770141449,0.1333333333333333
LI-Small,B2_stratified_proportional,B2: Stratified Proportional,XGBoost+GFP,456,0.5123115577889448,1384810,2268,99.83622301976445,0.6529680365296804,0.18915343915343916,0.29333333333333333,1.0,1.0,1.0,0.7066666666666667,1.0,1.0,1.0,0.7066666666666667,0.6485676325070953,0.851063829787234,1.0,1.0,0.35143236749290474,0.14893617021276595
LI-Small,B2_stratified_proportional,B2: Stratified Proportional,XGBoost+GFP,789,0.5812562814070352,1384810,2268,99.83622301976445,0.700507614213198,0.18253968253968253,0.28961175236096537,1.0,1.0,1.0,0.7103882476390346,1.0,1.0,1.0,0.7103882476390346,0.6537502856052959,0.8602941176470589,1.0,1.0,0.3462497143947041,0.13970588235294112
LI-Small,B2_stratified_proportional,B2: Stratified Proportional,XGBoost+GFP,1011,0.635427135678392,1384810,2268,99.83622301976445,0.7444444444444445,0.17724867724867724,0.2863247863247863,1.0,1.0,1.0,0.7136752136752137,1.0,1.0,1.0,0.7136752136752137,0.6552175526154846,0.8646616541353384,1.0,1.0,0.34478244738451536,0.13533834586466165
LI-Small,B2_stratified_proportional,B2: Stratified Proportional,GCPAL+GFP,42,0.45321608040201006,1384810,2268,99.83622301976445,0.19844357976653695,0.1349206349206349,0.16062992125984252,0.25,1.0,0.4,0.2393700787401575,0.25,1.0,0.4,0.2393700787401575,0.6538275389207067,0.7634408602150538,1.0,1.0,0.34617246107929334,0.23655913978494625
LI-Small,B2_stratified_proportional,B2: Stratified Proportional,GCPAL+GFP,123,0.6600502512562815,1384810,2268,99.83622301976445,0.39285714285714285,0.10185185185185185,0.16176470588235295,1.0,1.0,1.0,0.8382352941176471,1.0,1.0,1.0,0.8382352941176471,0.6738872238872239,0.8,1.0,1.0,0.3261127761127761,0.19999999999999996
LI-Small,B2_stratified_proportional,B2: Stratified Proportional,GCPAL+GFP,456,0.541859296482412,1384810,2268,99.83622301976445,0.27611940298507465,0.14682539682539683,0.19170984455958548,1.0,1.0,1.0,0.8082901554404145,1.0,1.0,1.0,0.8082901554404145,0.6380045351473923,0.7314814814814815,1.0,1.0,0.3619954648526077,0.2685185185185185
LI-Small,B2_stratified_proportional,B2: Stratified Proportional,GCPAL+GFP,789,0.635427135678392,1384810,2268,99.83622301976445,0.3813559322033898,0.11904761904761904,0.1814516129032258,1.0,1.0,1.0,0.8185483870967742,1.0,1.0,1.0,0.8185483870967742,0.6720704582773548,0.7906976744186046,1.0,1.0,0.3279295417226452,0.2093023255813954
LI-Small,B2_stratified_proportional,B2: Stratified Proportional,GCPAL+GFP,1011,0.635427135678392,1384810,2268,99.83622301976445,0.35384615384615387,0.12169312169312169,0.18110236220472442,0.5,1.0,0.6666666666666666,0.4855643044619422,0.5,1.0,0.6666666666666666,0.4855643044619422,0.6662483133427443,0.7752808988764045,1.0,1.0,0.33375168665725574,0.2247191011235955
LI-Small,B3_keep_ill_no_iw,B3: Keep-Ill + Random (no IW),LightGBM+GFP,42,0.635427135678392,1384810,2268,99.83622301976445,0.6088888888888889,0.18121693121693122,0.2793068297655454,1.0,0.18121693121693122,0.30683090705487126,0.027524077289325877,1.0,0.18121693121693122,0.3068309070548712,0.02752407728932582,0.6306804093013183,0.7925925925925926,0.6306804093013183,0.7925925925925926,0.0,0.0
LI-Small,B3_keep_ill_no_iw,B3: Keep-Ill + Random (no IW),LightGBM+GFP,123,0.541859296482412,1384810,2268,99.83622301976445,0.5590551181102362,0.18783068783068782,0.2811881188118812,1.0,0.18783068783068782,0.31625835189309576,0.03507023308121454,1.0,0.18783068783068782,0.31625835189309576,0.03507023308121454,0.6288680365763326,0.7985611510791367,0.6288680365763326,0.7985611510791367,0.0,0.0
LI-Small,B3_keep_ill_no_iw,B3: Keep-Ill + Random (no IW),LightGBM+GFP,456,0.54678391959799,1384810,2268,99.83622301976445,0.6042553191489362,0.18783068783068782,0.2865792129162462,1.0,0.18783068783068782,0.31625835189309576,0.02967913897684954,1.0,0.18783068783068782,0.31625835189309576,0.02967913897684954,0.6314542307056534,0.7985611510791367,0.6314542307056534,0.7985611510791367,0.0,0.0
LI-Small,B3_keep_ill_no_iw,B3: Keep-Ill + Random (no IW),LightGBM+GFP,789,0.6305025125628141,1384810,2268,99.83622301976445,0.6026200873362445,0.18253968253968253,0.2802030456852792,1.0,0.18253968253968253,0.3087248322147651,0.028521786529485893,1.0,0.18253968253968253,0.3087248322147651,0.028521786529485893,0.6321553011448482,0.8,0.6321553011448482,0.8,0.0,0.0
LI-Small,B3_keep_ill_no_iw,B3: Keep-Ill + Random (no IW),LightGBM+GFP,1011,0.5517085427135678,1384810,2268,99.83622301976445,0.5708502024291497,0.1865079365079365,0.2811565304087737,1.0,0.1865079365079365,0.31438127090301005,0.03322474049423635,1.0,0.1865079365079365,0.31438127090301005,0.03322474049423635,0.6313360273959608,0.7971014492753623,0.6313360273959608,0.7971014492753623,0.0,0.0
LI-Small,B3_keep_ill_no_iw,B3: Keep-Ill + Random (no IW),XGBoost+GFP,42,0.5517085427135678,1384810,2268,99.83622301976445,0.6618357487922706,0.18121693121693122,0.284527518172378,1.0,0.18121693121693122,0.30683090705487126,0.02230338888249328,1.0,0.18121693121693122,0.3068309070548712,0.022303388882493225,0.6555516640514112,0.8666666666666667,0.6555516640514112,0.8666666666666667,0.0,0.0
LI-Small,B3_keep_ill_no_iw,B3: Keep-Ill + Random (no IW),XGBoost+GFP,123,0.6698994974874373,1384810,2268,99.83622301976445,0.7816091954022989,0.17989417989417988,0.2924731182795699,1.0,0.17989417989417988,0.3049327354260089,0.012459617146439006,1.0,0.17989417989417988,0.30493273542600896,0.012459617146439061,0.6555879229858551,0.8666666666666667,0.6555879229858551,0.8666666666666667,0.0,0.0
LI-Small,B3_keep_ill_no_iw,B3: Keep-Ill + Random (no IW),XGBoost+GFP,456,0.5123115577889448,1384810,2268,99.83622301976445,0.6529680365296804,0.18915343915343916,0.29333333333333333,1.0,0.18915343915343916,0.3181312569521691,0.02479792361883576,1.0,0.18915343915343916,0.3181312569521691,0.02479792361883576,0.6485676325070953,0.851063829787234,0.6485676325070953,0.851063829787234,0.0,0.0
LI-Small,B3_keep_ill_no_iw,B3: Keep-Ill + Random (no IW),XGBoost+GFP,789,0.5812562814070352,1384810,2268,99.83622301976445,0.700507614213198,0.18253968253968253,0.28961175236096537,1.0,0.18253968253968253,0.3087248322147651,0.01911307985379973,1.0,0.18253968253968253,0.3087248322147651,0.01911307985379973,0.6537502856052959,0.8602941176470589,0.6537502856052959,0.8602941176470589,0.0,0.0
LI-Small,B3_keep_ill_no_iw,B3: Keep-Ill + Random (no IW),XGBoost+GFP,1011,0.635427135678392,1384810,2268,99.83622301976445,0.7444444444444445,0.17724867724867724,0.2863247863247863,1.0,0.17724867724867724,0.30112359550561796,0.014798809180831651,1.0,0.17724867724867724,0.30112359550561796,0.014798809180831651,0.6552175526154846,0.8646616541353384,0.6552175526154846,0.8646616541353384,0.0,0.0
LI-Small,B3_keep_ill_no_iw,B3: Keep-Ill + Random (no IW),GCPAL+GFP,42,0.45321608040201006,1384810,2268,99.83622301976445,0.19844357976653695,0.1349206349206349,0.16062992125984252,1.0,0.1349206349206349,0.23776223776223776,0.07713231650239524,1.0,0.1349206349206349,0.23776223776223776,0.07713231650239524,0.6538275389207067,0.7634408602150538,0.6538275389207067,0.7634408602150538,0.0,0.0
LI-Small,B3_keep_ill_no_iw,B3: Keep-Ill + Random (no IW),GCPAL+GFP,123,0.6600502512562815,1384810,2268,99.83622301976445,0.39285714285714285,0.10185185185185185,0.16176470588235295,1.0,0.10185185185185185,0.18487394957983191,0.023109243697478965,1.0,0.10185185185185185,0.18487394957983194,0.023109243697478993,0.6738872238872239,0.8,0.6738872238872239,0.8,0.0,0.0
LI-Small,B3_keep_ill_no_iw,B3: Keep-Ill + Random (no IW),GCPAL+GFP,456,0.541859296482412,1384810,2268,99.83622301976445,0.27611940298507465,0.14682539682539683,0.19170984455958548,1.0,0.14682539682539683,0.25605536332179935,0.06434551876221387,1.0,0.14682539682539683,0.2560553633217993,0.06434551876221381,0.6380045351473923,0.7314814814814815,0.6380045351473923,0.7314814814814815,0.0,0.0
LI-Small,B3_keep_ill_no_iw,B3: Keep-Ill + Random (no IW),GCPAL+GFP,789,0.635427135678392,1384810,2268,99.83622301976445,0.3813559322033898,0.11904761904761904,0.1814516129032258,1.0,0.11904761904761904,0.21276595744680848,0.03131434454358267,1.0,0.11904761904761904,0.2127659574468085,0.0313143445435827,0.6720704582773548,0.7906976744186046,0.6720704582773548,0.7906976744186046,0.0,0.0
LI-Small,B3_keep_ill_no_iw,B3: Keep-Ill + Random (no IW),GCPAL+GFP,1011,0.635427135678392,1384810,2268,99.83622301976445,0.35384615384615387,0.12169312169312169,0.18110236220472442,1.0,0.12169312169312169,0.2169811320754717,0.035878769870747285,1.0,0.12169312169312169,0.2169811320754717,0.035878769870747285,0.6662483133427443,0.7752808988764045,0.6662483133427443,0.7752808988764045,0.0,0.0
LI-Small,B4_v2_no_hardneg,B4: V2 w/o Hard-Neg,LightGBM+GFP,42,0.635427135678392,1384810,2268,99.83622301976445,0.6088888888888889,0.18121693121693122,0.2793068297655454,1.0,0.18121693121693122,0.30683090705487126,0.027524077289325877,1.0,0.18121693121693122,0.3068309070548712,0.02752407728932582,0.6306804093013183,0.7925925925925926,0.6306804093013183,0.7925925925925926,0.0,0.0
LI-Small,B4_v2_no_hardneg,B4: V2 w/o Hard-Neg,LightGBM+GFP,123,0.541859296482412,1384810,2268,99.83622301976445,0.5590551181102362,0.18783068783068782,0.2811881188118812,1.0,0.18783068783068782,0.31625835189309576,0.03507023308121454,1.0,0.18783068783068782,0.31625835189309576,0.03507023308121454,0.6288680365763326,0.7985611510791367,0.6288680365763326,0.7985611510791367,0.0,0.0
LI-Small,B4_v2_no_hardneg,B4: V2 w/o Hard-Neg,LightGBM+GFP,456,0.54678391959799,1384810,2268,99.83622301976445,0.6042553191489362,0.18783068783068782,0.2865792129162462,1.0,0.18783068783068782,0.31625835189309576,0.02967913897684954,1.0,0.18783068783068782,0.31625835189309576,0.02967913897684954,0.6314542307056534,0.7985611510791367,0.6314542307056534,0.7985611510791367,0.0,0.0
LI-Small,B4_v2_no_hardneg,B4: V2 w/o Hard-Neg,LightGBM+GFP,789,0.6305025125628141,1384810,2268,99.83622301976445,0.6026200873362445,0.18253968253968253,0.2802030456852792,1.0,0.18253968253968253,0.3087248322147651,0.028521786529485893,1.0,0.18253968253968253,0.3087248322147651,0.028521786529485893,0.6321553011448482,0.8,0.6321553011448482,0.8,0.0,0.0
LI-Small,B4_v2_no_hardneg,B4: V2 w/o Hard-Neg,LightGBM+GFP,1011,0.5517085427135678,1384810,2268,99.83622301976445,0.5708502024291497,0.1865079365079365,0.2811565304087737,1.0,0.1865079365079365,0.31438127090301005,0.03322474049423635,1.0,0.1865079365079365,0.31438127090301005,0.03322474049423635,0.6313360273959608,0.7971014492753623,0.6313360273959608,0.7971014492753623,0.0,0.0
LI-Small,B4_v2_no_hardneg,B4: V2 w/o Hard-Neg,XGBoost+GFP,42,0.5517085427135678,1384810,2268,99.83622301976445,0.6618357487922706,0.18121693121693122,0.284527518172378,1.0,0.18121693121693122,0.30683090705487126,0.02230338888249328,1.0,0.18121693121693122,0.3068309070548712,0.022303388882493225,0.6555516640514112,0.8666666666666667,0.6555516640514112,0.8666666666666667,0.0,0.0
LI-Small,B4_v2_no_hardneg,B4: V2 w/o Hard-Neg,XGBoost+GFP,123,0.6698994974874373,1384810,2268,99.83622301976445,0.7816091954022989,0.17989417989417988,0.2924731182795699,1.0,0.17989417989417988,0.3049327354260089,0.012459617146439006,1.0,0.17989417989417988,0.30493273542600896,0.012459617146439061,0.6555879229858551,0.8666666666666667,0.6555879229858551,0.8666666666666667,0.0,0.0
LI-Small,B4_v2_no_hardneg,B4: V2 w/o Hard-Neg,XGBoost+GFP,456,0.5123115577889448,1384810,2268,99.83622301976445,0.6529680365296804,0.18915343915343916,0.29333333333333333,1.0,0.18915343915343916,0.3181312569521691,0.02479792361883576,1.0,0.18915343915343916,0.3181312569521691,0.02479792361883576,0.6485676325070953,0.851063829787234,0.6485676325070953,0.851063829787234,0.0,0.0
LI-Small,B4_v2_no_hardneg,B4: V2 w/o Hard-Neg,XGBoost+GFP,789,0.5812562814070352,1384810,2268,99.83622301976445,0.700507614213198,0.18253968253968253,0.28961175236096537,1.0,0.18253968253968253,0.3087248322147651,0.01911307985379973,1.0,0.18253968253968253,0.3087248322147651,0.01911307985379973,0.6537502856052959,0.8602941176470589,0.6537502856052959,0.8602941176470589,0.0,0.0
LI-Small,B4_v2_no_hardneg,B4: V2 w/o Hard-Neg,XGBoost+GFP,1011,0.635427135678392,1384810,2268,99.83622301976445,0.7444444444444445,0.17724867724867724,0.2863247863247863,1.0,0.17724867724867724,0.30112359550561796,0.014798809180831651,1.0,0.17724867724867724,0.30112359550561796,0.014798809180831651,0.6552175526154846,0.8646616541353384,0.6552175526154846,0.8646616541353384,0.0,0.0
LI-Small,B4_v2_no_hardneg,B4: V2 w/o Hard-Neg,GCPAL+GFP,42,0.45321608040201006,1384810,2268,99.83622301976445,0.19844357976653695,0.1349206349206349,0.16062992125984252,0.10116777461595683,0.1349206349206349,0.11563143155976922,0.044998489700073294,0.9902912621359223,0.1349206349206349,0.23748544819557627,0.07685552693573375,0.6538275389207067,0.7634408602150538,0.6538275389207067,0.7634408602150538,0.0,0.0
LI-Small,B4_v2_no_hardneg,B4: V2 w/o Hard-Neg,GCPAL+GFP,123,0.6600502512562815,1384810,2268,99.83622301976445,0.39285714285714285,0.10185185185185185,0.16176470588235295,1.0,0.10185185185185185,0.18487394957983191,0.023109243697478965,1.0,0.10185185185185185,0.18487394957983194,0.023109243697478993,0.6738872238872239,0.8,0.6738872238872239,0.8,0.0,0.0
LI-Small,B4_v2_no_hardneg,B4: V2 w/o Hard-Neg,GCPAL+GFP,456,0.541859296482412,1384810,2268,99.83622301976445,0.27611940298507465,0.14682539682539683,0.19170984455958548,1.0,0.14682539682539683,0.25605536332179935,0.06434551876221387,1.0,0.14682539682539683,0.2560553633217993,0.06434551876221381,0.6380045351473923,0.7314814814814815,0.6380045351473923,0.7314814814814815,0.0,0.0
LI-Small,B4_v2_no_hardneg,B4: V2 w/o Hard-Neg,GCPAL+GFP,789,0.635427135678392,1384810,2268,99.83622301976445,0.3813559322033898,0.11904761904761904,0.1814516129032258,1.0,0.11904761904761904,0.21276595744680848,0.03131434454358267,1.0,0.11904761904761904,0.2127659574468085,0.0313143445435827,0.6720704582773548,0.7906976744186046,0.6720704582773548,0.7906976744186046,0.0,0.0
LI-Small,B4_v2_no_hardneg,B4: V2 w/o Hard-Neg,GCPAL+GFP,1011,0.635427135678392,1384810,2268,99.83622301976445,0.35384615384615387,0.12169312169312169,0.18110236220472442,1.0,0.12169312169312169,0.2169811320754717,0.035878769870747285,1.0,0.12169312169312169,0.2169811320754717,0.035878769870747285,0.6662483133427443,0.7752808988764045,0.6662483133427443,0.7752808988764045,0.0,0.0
LI-Small,B5_fogliato_neyman,B5: Fogliato et al. (Neyman),LightGBM+GFP,42,0.635427135678392,1384810,2268,99.83622301976445,0.6088888888888889,0.18121693121693122,0.2793068297655454,0.5248700816629548,0.28259295732303674,0.3673842180411961,0.0880773882756507,0.2857142857142857,0.4,0.3333333333333333,0.05402650356778793,0.6306804093013183,0.7925925925925926,1.0,1.0,0.3693195906986817,0.20740740740740737
LI-Small,B5_fogliato_neyman,B5: Fogliato et al. (Neyman),LightGBM+GFP,123,0.541859296482412,1384810,2268,99.83622301976445,0.5590551181102362,0.18783068783068782,0.2811881188118812,0.42628881519445283,0.28259295732303674,0.33987675132826684,0.05868863251638562,0.25,0.4,0.3076923076923077,0.026504188880426494,0.6288680365763326,0.7985611510791367,1.0,1.0,0.3711319634236674,0.20143884892086328
LI-Small,B5_fogliato_neyman,B5: Fogliato et al. (Neyman),LightGBM+GFP,456,0.54678391959799,1384810,2268,99.83622301976445,0.6042553191489362,0.18783068783068782,0.2865792129162462,0.42628881519445283,0.28259295732303674,0.33987675132826684,0.05329753841202062,0.25,0.4,0.3076923076923077,0.021113094776061492,0.6314542307056534,0.7985611510791367,1.0,1.0,0.36854576929434657,0.20143884892086328
LI-Small,B5_fogliato_neyman,B5: Fogliato et al. (Neyman),LightGBM+GFP,789,0.6305025125628141,1384810,2268,99.83622301976445,0.6026200873362445,0.18253968253968253,0.2802030456852792,0.42628881519445283,0.28259295732303674,0.33987675132826684,0.05967370564298763,0.25,0.4,0.3076923076923077,0.027489262007028503,0.6321553011448482,0.8,1.0,1.0,0.3678446988551518,0.19999999999999996
LI-Small,B5_fogliato_neyman,B5: Fogliato et al. (Neyman),LightGBM+GFP,1011,0.5517085427135678,1384810,2268,99.83622301976445,0.5708502024291497,0.1865079365079365,0.2811565304087737,0.42628881519445283,0.28259295732303674,0.33987675132826684,0.05872022091949314,0.25,0.4,0.3076923076923077,0.026535777283534012,0.6313360273959608,0.7971014492753623,1.0,1.0,0.36866397260403916,0.2028985507246377
LI-Small,B5_fogliato_neyman,B5: Fogliato et al. (Neyman),XGBoost+GFP,42,0.5517085427135678,1384810,2268,99.83622301976445,0.6618357487922706,0.18121693121693122,0.284527518172378,0.6480293308890925,0.28259295732303674,0.3935614424189987,0.10903392424662073,0.4,0.4,0.4,0.11547248182762204,0.6555516640514112,0.8666666666666667,1.0,1.0,0.3444483359485888,0.1333333333333333
LI-Small,B5_fogliato_neyman,B5: Fogliato et al. (Neyman),XGBoost+GFP,123,0.6698994974874373,1384810,2268,99.83622301976445,0.7816091954022989,0.17989417989417988,0.2924731182795699,0.6480293308890925,0.28259295732303674,0.3935614424189987,0.10108832413942881,0.4,0.4,0.4,0.10752688172043012,0.6555879229858551,0.8666666666666667,1.0,1.0,0.3444120770141449,0.1333333333333333
LI-Small,B5_fogliato_neyman,B5: Fogliato et al. (Neyman),XGBoost+GFP,456,0.5123115577889448,1384810,2268,99.83622301976445,0.6529680365296804,0.18915343915343916,0.29333333333333333,0.5799835931091059,0.28259295732303674,0.38002257003956597,0.08668923670623263,0.3333333333333333,0.4,0.36363636363636365,0.07030303030303031,0.6485676325070953,0.851063829787234,1.0,1.0,0.35143236749290474,0.14893617021276595
LI-Small,B5_fogliato_neyman,B5: Fogliato et al. (Neyman),XGBoost+GFP,789,0.5812562814070352,1384810,2268,99.83622301976445,0.700507614213198,0.18253968253968253,0.28961175236096537,0.6480293308890925,0.28259295732303674,0.3935614424189987,0.10394969005803334,0.4,0.4,0.4,0.11038824763903465,0.6537502856052959,0.8602941176470589,1.0,1.0,0.3462497143947041,0.13970588235294112
LI-Small,B5_fogliato_neyman,B5: Fogliato et al. (Neyman),XGBoost+GFP,1011,0.635427135678392,1384810,2268,99.83622301976445,0.7444444444444445,0.17724867724867724,0.2863247863247863,0.6480293308890925,0.28259295732303674,0.3935614424189987,0.1072366560942124,0.4,0.4,0.4,0.11367521367521372,0.6552175526154846,0.8646616541353384,1.0,1.0,0.34478244738451536,0.13533834586466165
LI-Small,B5_fogliato_neyman,B5: Fogliato et al. (Neyman),GCPAL+GFP,42,0.45321608040201006,1384810,2268,99.83622301976445,0.19844357976653695,0.1349206349206349,0.16062992125984252,0.2323717543549162,0.28259295732303674,0.25503348005159776,0.09440355879175524,0.2,0.4,0.26666666666666666,0.10603674540682415,0.6538275389207067,0.7634408602150538,1.0,1.0,0.34617246107929334,0.23655913978494625
LI-Small,B5_fogliato_neyman,B5: Fogliato et al. (Neyman),GCPAL+GFP,123,0.6600502512562815,1384810,2268,99.83622301976445,0.39285714285714285,0.10185185185185185,0.16176470588235295,0.4457755359394704,0.28259295732303674,0.3459046572405634,0.18413995135821046,0.3333333333333333,0.4,0.36363636363636365,0.2018716577540107,0.6738872238872239,0.8,1.0,1.0,0.3261127761127761,0.19999999999999996
LI-Small,B5_fogliato_neyman,B5: Fogliato et al. (Neyman),GCPAL+GFP,456,0.541859296482412,1384810,2268,99.83622301976445,0.27611940298507465,0.14682539682539683,0.19170984455958548,0.2588758854760798,0.28259295732303674,0.2702150013955504,0.0785051568359649,0.2222222222222222,0.4,0.2857142857142857,0.09400444115470022,0.6380045351473923,0.7314814814814815,1.0,1.0,0.3619954648526077,0.2685185185185185
LI-Small,B5_fogliato_neyman,B5: Fogliato et al. (Neyman),GCPAL+GFP,789,0.635427135678392,1384810,2268,99.83622301976445,0.3813559322033898,0.11904761904761904,0.1814516129032258,0.4457755359394704,0.28259295732303674,0.3459046572405634,0.1644530443373376,0.3333333333333333,0.4,0.36363636363636365,0.18218475073313783,0.6720704582773548,0.7906976744186046,1.0,1.0,0.3279295417226452,0.2093023255813954
LI-Small,B5_fogliato_neyman,B5: Fogliato et al. (Neyman),GCPAL+GFP,1011,0.635427135678392,1384810,2268,99.83622301976445,0.35384615384615387,0.12169312169312169,0.18110236220472442,0.32005432322317795,0.28259295732303674,0.30015931581632704,0.11905695361160262,0.25,0.4,0.3076923076923077,0.1265899454875833,0.6662483133427443,0.7752808988764045,1.0,1.0,0.33375168665725574,0.2247191011235955
LI-Small,B6_leskovec_rw,B6: Leskovec RW [14],LightGBM+GFP,42,0.635427135678392,1384810,2268,99.83622301976445,0.6088888888888889,0.18121693121693122,0.2793068297655454,0.5,0.3333333333333333,0.4,0.12069317023445464,0.5,0.3333333333333333,0.4,0.12069317023445464,0.6306804093013183,0.7925925925925926,1.0,1.0,0.3693195906986817,0.20740740740740737
LI-Small,B6_leskovec_rw,B6: Leskovec RW [14],LightGBM+GFP,123,0.541859296482412,1384810,2268,99.83622301976445,0.5590551181102362,0.18783068783068782,0.2811881188118812,0.5,0.3333333333333333,0.4,0.1188118811881188,0.5,0.3333333333333333,0.4,0.1188118811881188,0.6288680365763326,0.7985611510791367,1.0,1.0,0.3711319634236674,0.20143884892086328
LI-Small,B6_leskovec_rw,B6: Leskovec RW [14],LightGBM+GFP,456,0.54678391959799,1384810,2268,99.83622301976445,0.6042553191489362,0.18783068783068782,0.2865792129162462,0.5,0.3333333333333333,0.4,0.1134207870837538,0.5,0.3333333333333333,0.4,0.1134207870837538,0.6314542307056534,0.7985611510791367,1.0,1.0,0.36854576929434657,0.20143884892086328
LI-Small,B6_leskovec_rw,B6: Leskovec RW [14],LightGBM+GFP,789,0.6305025125628141,1384810,2268,99.83622301976445,0.6026200873362445,0.18253968253968253,0.2802030456852792,0.5,0.3333333333333333,0.4,0.11979695431472082,0.5,0.3333333333333333,0.4,0.11979695431472082,0.6321553011448482,0.8,1.0,1.0,0.3678446988551518,0.19999999999999996
LI-Small,B6_leskovec_rw,B6: Leskovec RW [14],LightGBM+GFP,1011,0.5517085427135678,1384810,2268,99.83622301976445,0.5708502024291497,0.1865079365079365,0.2811565304087737,0.5,0.3333333333333333,0.4,0.11884346959122633,0.5,0.3333333333333333,0.4,0.11884346959122633,0.6313360273959608,0.7971014492753623,1.0,1.0,0.36866397260403916,0.2028985507246377
LI-Small,B6_leskovec_rw,B6: Leskovec RW [14],XGBoost+GFP,42,0.5517085427135678,1384810,2268,99.83622301976445,0.6618357487922706,0.18121693121693122,0.284527518172378,0.5,0.3333333333333333,0.4,0.11547248182762204,0.5,0.3333333333333333,0.4,0.11547248182762204,0.6555516640514112,0.8666666666666667,1.0,1.0,0.3444483359485888,0.1333333333333333
LI-Small,B6_leskovec_rw,B6: Leskovec RW [14],XGBoost+GFP,123,0.6698994974874373,1384810,2268,99.83622301976445,0.7816091954022989,0.17989417989417988,0.2924731182795699,0.5,0.3333333333333333,0.4,0.10752688172043012,0.5,0.3333333333333333,0.4,0.10752688172043012,0.6555879229858551,0.8666666666666667,1.0,1.0,0.3444120770141449,0.1333333333333333
LI-Small,B6_leskovec_rw,B6: Leskovec RW [14],XGBoost+GFP,456,0.5123115577889448,1384810,2268,99.83622301976445,0.6529680365296804,0.18915343915343916,0.29333333333333333,0.5,0.3333333333333333,0.4,0.10666666666666669,0.5,0.3333333333333333,0.4,0.10666666666666669,0.6485676325070953,0.851063829787234,1.0,1.0,0.35143236749290474,0.14893617021276595
LI-Small,B6_leskovec_rw,B6: Leskovec RW [14],XGBoost+GFP,789,0.5812562814070352,1384810,2268,99.83622301976445,0.700507614213198,0.18253968253968253,0.28961175236096537,0.5,0.3333333333333333,0.4,0.11038824763903465,0.5,0.3333333333333333,0.4,0.11038824763903465,0.6537502856052959,0.8602941176470589,1.0,1.0,0.3462497143947041,0.13970588235294112
LI-Small,B6_leskovec_rw,B6: Leskovec RW [14],XGBoost+GFP,1011,0.635427135678392,1384810,2268,99.83622301976445,0.7444444444444445,0.17724867724867724,0.2863247863247863,0.5,0.3333333333333333,0.4,0.11367521367521372,0.5,0.3333333333333333,0.4,0.11367521367521372,0.6552175526154846,0.8646616541353384,1.0,1.0,0.34478244738451536,0.13533834586466165
LI-Small,B6_leskovec_rw,B6: Leskovec RW [14],GCPAL+GFP,42,0.45321608040201006,1384810,2268,99.83622301976445,0.19844357976653695,0.1349206349206349,0.16062992125984252,0.0,0.0,0.0,0.16062992125984252,0.0,0.0,0.0,0.16062992125984252,0.6538275389207067,0.7634408602150538,0.0,0.0,0.6538275389207067,0.7634408602150538
LI-Small,B6_leskovec_rw,B6: Leskovec RW [14],GCPAL+GFP,123,0.6600502512562815,1384810,2268,99.83622301976445,0.39285714285714285,0.10185185185185185,0.16176470588235295,0.0,0.0,0.0,0.16176470588235295,0.0,0.0,0.0,0.16176470588235295,0.6738872238872239,0.8,0.0,0.0,0.6738872238872239,0.8
LI-Small,B6_leskovec_rw,B6: Leskovec RW [14],GCPAL+GFP,456,0.541859296482412,1384810,2268,99.83622301976445,0.27611940298507465,0.14682539682539683,0.19170984455958548,0.0,0.0,0.0,0.19170984455958548,0.0,0.0,0.0,0.19170984455958548,0.6380045351473923,0.7314814814814815,0.0,0.0,0.6380045351473923,0.7314814814814815
LI-Small,B6_leskovec_rw,B6: Leskovec RW [14],GCPAL+GFP,789,0.635427135678392,1384810,2268,99.83622301976445,0.3813559322033898,0.11904761904761904,0.1814516129032258,0.0,0.0,0.0,0.1814516129032258,0.0,0.0,0.0,0.1814516129032258,0.6720704582773548,0.7906976744186046,0.0,0.0,0.6720704582773548,0.7906976744186046
LI-Small,B6_leskovec_rw,B6: Leskovec RW [14],GCPAL+GFP,1011,0.635427135678392,1384810,2268,99.83622301976445,0.35384615384615387,0.12169312169312169,0.18110236220472442,0.0,0.0,0.0,0.18110236220472442,0.0,0.0,0.0,0.18110236220472442,0.6662483133427443,0.7752808988764045,0.0,0.0,0.6662483133427443,0.7752808988764045
LI-Small,B7_gao_stratified,B7: Gao et al. [15],LightGBM+GFP,42,0.635427135678392,1384810,2268,99.83622301976445,0.6088888888888889,0.18121693121693122,0.2793068297655454,0.0,0.0,0.0,0.2793068297655454,0.0,0.0,0.0,0.2793068297655454,0.6306804093013183,0.7925925925925926,0.0,0.0,0.6306804093013183,0.7925925925925926
LI-Small,B7_gao_stratified,B7: Gao et al. [15],LightGBM+GFP,123,0.541859296482412,1384810,2268,99.83622301976445,0.5590551181102362,0.18783068783068782,0.2811881188118812,0.0,0.0,0.0,0.2811881188118812,0.0,0.0,0.0,0.2811881188118812,0.6288680365763326,0.7985611510791367,0.0,0.0,0.6288680365763326,0.7985611510791367
LI-Small,B7_gao_stratified,B7: Gao et al. [15],LightGBM+GFP,456,0.54678391959799,1384810,2268,99.83622301976445,0.6042553191489362,0.18783068783068782,0.2865792129162462,0.0,0.0,0.0,0.2865792129162462,0.0,0.0,0.0,0.2865792129162462,0.6314542307056534,0.7985611510791367,0.0,0.0,0.6314542307056534,0.7985611510791367
LI-Small,B7_gao_stratified,B7: Gao et al. [15],LightGBM+GFP,789,0.6305025125628141,1384810,2268,99.83622301976445,0.6026200873362445,0.18253968253968253,0.2802030456852792,0.0,0.0,0.0,0.2802030456852792,0.0,0.0,0.0,0.2802030456852792,0.6321553011448482,0.8,0.0,0.0,0.6321553011448482,0.8
LI-Small,B7_gao_stratified,B7: Gao et al. [15],LightGBM+GFP,1011,0.5517085427135678,1384810,2268,99.83622301976445,0.5708502024291497,0.1865079365079365,0.2811565304087737,0.0,0.0,0.0,0.2811565304087737,0.0,0.0,0.0,0.2811565304087737,0.6313360273959608,0.7971014492753623,0.0,0.0,0.6313360273959608,0.7971014492753623
LI-Small,B7_gao_stratified,B7: Gao et al. [15],XGBoost+GFP,42,0.5517085427135678,1384810,2268,99.83622301976445,0.6618357487922706,0.18121693121693122,0.284527518172378,0.0,0.0,0.0,0.284527518172378,0.0,0.0,0.0,0.284527518172378,0.6555516640514112,0.8666666666666667,0.0,0.0,0.6555516640514112,0.8666666666666667
LI-Small,B7_gao_stratified,B7: Gao et al. [15],XGBoost+GFP,123,0.6698994974874373,1384810,2268,99.83622301976445,0.7816091954022989,0.17989417989417988,0.2924731182795699,0.0,0.0,0.0,0.2924731182795699,0.0,0.0,0.0,0.2924731182795699,0.6555879229858551,0.8666666666666667,0.0,0.0,0.6555879229858551,0.8666666666666667
LI-Small,B7_gao_stratified,B7: Gao et al. [15],XGBoost+GFP,456,0.5123115577889448,1384810,2268,99.83622301976445,0.6529680365296804,0.18915343915343916,0.29333333333333333,0.0,0.0,0.0,0.29333333333333333,0.0,0.0,0.0,0.29333333333333333,0.6485676325070953,0.851063829787234,0.0,0.0,0.6485676325070953,0.851063829787234
LI-Small,B7_gao_stratified,B7: Gao et al. [15],XGBoost+GFP,789,0.5812562814070352,1384810,2268,99.83622301976445,0.700507614213198,0.18253968253968253,0.28961175236096537,0.0,0.0,0.0,0.28961175236096537,0.0,0.0,0.0,0.28961175236096537,0.6537502856052959,0.8602941176470589,0.0,0.0,0.6537502856052959,0.8602941176470589
LI-Small,B7_gao_stratified,B7: Gao et al. [15],XGBoost+GFP,1011,0.635427135678392,1384810,2268,99.83622301976445,0.7444444444444445,0.17724867724867724,0.2863247863247863,0.0,0.0,0.0,0.2863247863247863,0.0,0.0,0.0,0.2863247863247863,0.6552175526154846,0.8646616541353384,0.0,0.0,0.6552175526154846,0.8646616541353384
LI-Small,B7_gao_stratified,B7: Gao et al. [15],GCPAL+GFP,42,0.45321608040201006,1384810,2268,99.83622301976445,0.19844357976653695,0.1349206349206349,0.16062992125984252,0.0,0.0,0.0,0.16062992125984252,0.0,0.0,0.0,0.16062992125984252,0.6538275389207067,0.7634408602150538,0.0,0.0,0.6538275389207067,0.7634408602150538
LI-Small,B7_gao_stratified,B7: Gao et al. [15],GCPAL+GFP,123,0.6600502512562815,1384810,2268,99.83622301976445,0.39285714285714285,0.10185185185185185,0.16176470588235295,0.0,0.0,0.0,0.16176470588235295,0.0,0.0,0.0,0.16176470588235295,0.6738872238872239,0.8,0.0,0.0,0.6738872238872239,0.8
LI-Small,B7_gao_stratified,B7: Gao et al. [15],GCPAL+GFP,456,0.541859296482412,1384810,2268,99.83622301976445,0.27611940298507465,0.14682539682539683,0.19170984455958548,0.0,0.0,0.0,0.19170984455958548,0.0,0.0,0.0,0.19170984455958548,0.6380045351473923,0.7314814814814815,0.0,0.0,0.6380045351473923,0.7314814814814815
LI-Small,B7_gao_stratified,B7: Gao et al. [15],GCPAL+GFP,789,0.635427135678392,1384810,2268,99.83622301976445,0.3813559322033898,0.11904761904761904,0.1814516129032258,0.0,0.0,0.0,0.1814516129032258,0.0,0.0,0.0,0.1814516129032258,0.6720704582773548,0.7906976744186046,0.0,0.0,0.6720704582773548,0.7906976744186046
LI-Small,B7_gao_stratified,B7: Gao et al. [15],GCPAL+GFP,1011,0.635427135678392,1384810,2268,99.83622301976445,0.35384615384615387,0.12169312169312169,0.18110236220472442,0.0,0.0,0.0,0.18110236220472442,0.0,0.0,0.0,0.18110236220472442,0.6662483133427443,0.7752808988764045,0.0,0.0,0.6662483133427443,0.7752808988764045
LI-Small,ablation-redraw,V2: Coreset + IW (ours),LightGBM+GFP,42,0.635427135678392,1384810,2268,99.83622301976445,0.6088888888888889,0.18121693121693122,0.2793068297655454,0.6088888888888889,0.18121693121693122,0.27930682976554533,5.551115123125783e-17,0.6088888888888889,0.18121693121693122,0.2793068297655454,0.0,0.6306804093013183,0.7925925925925926,0.6306804093013183,0.7925925925925926,0.0,0.0
LI-Small,ablation-redraw,V2: Coreset + IW (ours),LightGBM+GFP,123,0.541859296482412,1384810,2268,99.83622301976445,0.5590551181102362,0.18783068783068782,0.2811881188118812,0.568,0.18783068783068782,0.2823061630218688,0.0011180442099875676,0.568,0.18783068783068782,0.2823061630218688,0.0011180442099875676,0.6288680365763326,0.7985611510791367,0.6288680365763326,0.7985611510791367,0.0,0.0
LI-Small,ablation-redraw,V2: Coreset + IW (ours),LightGBM+GFP,456,0.54678391959799,1384810,2268,99.83622301976445,0.6042553191489362,0.18783068783068782,0.2865792129162462,0.6120689655172413,0.18783068783068782,0.2874493927125506,0.0008701797963043822,0.6120689655172413,0.18783068783068782,0.2874493927125506,0.0008701797963043822,0.6314542307056534,0.7985611510791367,0.6314542307056534,0.7985611510791367,0.0,0.0
LI-Small,ablation-redraw,V2: Coreset + IW (ours),LightGBM+GFP,789,0.6305025125628141,1384810,2268,99.83622301976445,0.6026200873362445,0.18253968253968253,0.2802030456852792,0.6026200873362445,0.18253968253968253,0.28020304568527915,5.551115123125783e-17,0.6026200873362445,0.18253968253968253,0.2802030456852792,0.0,0.6321553011448482,0.8,0.6321553011448482,0.8,0.0,0.0
LI-Small,ablation-redraw,V2: Coreset + IW (ours),LightGBM+GFP,1011,0.5517085427135678,1384810,2268,99.83622301976445,0.5708502024291497,0.1865079365079365,0.2811565304087737,0.573170731707317,0.1865079365079365,0.281437125748503,0.00028059533972929485,0.573170731707317,0.1865079365079365,0.281437125748503,0.00028059533972929485,0.6313360273959608,0.7971014492753623,0.6313360273959608,0.7971014492753623,0.0,0.0
LI-Small,ablation-redraw,V2: Coreset + IW (ours),XGBoost+GFP,42,0.5517085427135678,1384810,2268,99.83622301976445,0.6618357487922706,0.18121693121693122,0.284527518172378,0.6650485436893204,0.18121693121693122,0.2848232848232848,0.00029576665090680354,0.6650485436893204,0.18121693121693122,0.28482328482328484,0.00029576665090685905,0.6555516640514112,0.8666666666666667,0.6555516640514112,0.8666666666666667,0.0,0.0
LI-Small,ablation-redraw,V2: Coreset + IW (ours),XGBoost+GFP,123,0.6698994974874373,1384810,2268,99.83622301976445,0.7816091954022989,0.17989417989417988,0.2924731182795699,0.7816091954022989,0.17989417989417988,0.2924731182795699,0.0,0.7816091954022989,0.17989417989417988,0.2924731182795699,0.0,0.6555879229858551,0.8666666666666667,0.6555879229858551,0.8666666666666667,0.0,0.0
LI-Small,ablation-redraw,V2: Coreset + IW (ours),XGBoost+GFP,456,0.5123115577889448,1384810,2268,99.83622301976445,0.6529680365296804,0.18915343915343916,0.29333333333333333,0.6559633027522935,0.18915343915343916,0.29363449691991783,0.0003011635865844964,0.6559633027522935,0.18915343915343916,0.2936344969199179,0.0003011635865845519,0.6485676325070953,0.851063829787234,0.6485676325070953,0.851063829787234,0.0,0.0
LI-Small,ablation-redraw,V2: Coreset + IW (ours),XGBoost+GFP,789,0.5812562814070352,1384810,2268,99.83622301976445,0.700507614213198,0.18253968253968253,0.28961175236096537,0.700507614213198,0.18253968253968253,0.2896117523609653,5.551115123125783e-17,0.700507614213198,0.18253968253968253,0.28961175236096537,0.0,0.6537502856052959,0.8602941176470589,0.6537502856052959,0.8602941176470589,0.0,0.0
LI-Small,ablation-redraw,V2: Coreset + IW (ours),XGBoost+GFP,1011,0.635427135678392,1384810,2268,99.83622301976445,0.7444444444444445,0.17724867724867724,0.2863247863247863,0.7444444444444445,0.17724867724867724,0.2863247863247863,0.0,0.7444444444444445,0.17724867724867724,0.2863247863247863,0.0,0.6552175526154846,0.8646616541353384,0.6552175526154846,0.8646616541353384,0.0,0.0
LI-Small,ablation-redraw,V2: Coreset + IW (ours),GCPAL+GFP,42,0.45321608040201006,1384810,2268,99.83622301976445,0.19844357976653695,0.1349206349206349,0.16062992125984252,0.5,0.1349206349206349,0.2125,0.05187007874015748,0.5,0.1349206349206349,0.2125,0.05187007874015748,0.6538275389207067,0.7634408602150538,0.6538275389207067,0.7634408602150538,0.0,0.0
LI-Small,ablation-redraw,V2: Coreset + IW (ours),GCPAL+GFP,123,0.6600502512562815,1384810,2268,99.83622301976445,0.39285714285714285,0.10185185185185185,0.16176470588235295,0.4873417721518987,0.10185185185185185,0.1684901531728665,0.006725447290513553,0.4873417721518987,0.10185185185185185,0.16849015317286653,0.006725447290513581,0.6738872238872239,0.8,0.6738872238872239,0.8,0.0,0.0
LI-Small,ablation-redraw,V2: Coreset + IW (ours),GCPAL+GFP,456,0.541859296482412,1384810,2268,99.83622301976445,0.27611940298507465,0.14682539682539683,0.19170984455958548,0.5260663507109005,0.14682539682539683,0.22957600827300928,0.0378661637134238,0.5260663507109005,0.14682539682539683,0.2295760082730093,0.03786616371342383,0.6380045351473923,0.7314814814814815,0.6380045351473923,0.7314814814814815,0.0,0.0
LI-Small,ablation-redraw,V2: Coreset + IW (ours),GCPAL+GFP,789,0.635427135678392,1384810,2268,99.83622301976445,0.3813559322033898,0.11904761904761904,0.1814516129032258,0.5202312138728323,0.11904761904761904,0.19375672766415497,0.012305114760929159,0.5202312138728323,0.11904761904761904,0.193756727664155,0.012305114760929187,0.6720704582773548,0.7906976744186046,0.6720704582773548,0.7906976744186046,0.0,0.0
LI-Small,ablation-redraw,V2: Coreset + IW (ours),GCPAL+GFP,1011,0.635427135678392,1384810,2268,99.83622301976445,0.35384615384615387,0.12169312169312169,0.18110236220472442,0.5609756097560976,0.12169312169312169,0.2,0.01889763779527559,0.5609756097560976,0.12169312169312169,0.2,0.01889763779527559,0.6662483133427443,0.7752808988764045,0.6662483133427443,0.7752808988764045,0.0,0.0
