dataset,delta_f1,delta_p,delta_r,f1,f1_std,irt_level,kl_difficulty,kl_typology,method,n_total,precision,precision_std,recall,recall_std,reduction_pct,tracks_pr
LI-Small,0.0,0.0,0.0,0.2956705385427666,,,,,full_set,1384810,0.7329842931937173,,0.1851851851851851,,0.0,yes
LI-Small,0.3259510830788549,,,0.6216216216216216,,WEAK,0.1455957190514126,0.0539992555342544,v1_geometric_91587,91587,,,,,93.3863129237946,no
LI-Small,0.3359084088256543,,,0.631578947368421,,WEAK,0.1237304843160387,0.0704449106044504,v1_geometric_135550,135550,,,,,90.2116535842462,no
LI-Small,0.2896953151157699,,,0.5853658536585366,,GOOD,0.0988817325273888,0.0538336077660985,v1_geometric_199661,199661,,,,,85.58206540969519,no
LI-Small,0.3000741423082971,,,0.5957446808510638,,GOOD,0.094928255084659,0.0350562127723654,v1_geometric_293081,293081,,,,,78.83601360475444,no
LI-Small,0.239941997069769,,,0.5356125356125356,,GOOD,0.0524717384844289,0.0239498143042152,v1_geometric_432295,432295,,,,,68.78308215567479,no
LI-Small,0.1799392175547943,,,0.4756097560975609,,GOOD,0.0361157241815728,0.0063728472167659,v1_geometric_637452,637452,,,,,53.96827001538117,no
LI-Small,0.1066618229732683,,,0.4023323615160349,,GOOD,0.0137084928595975,0.0003294247171279,v1_geometric_939692,939692,,,,,32.142893248893344,no
LI-Small,0.0,,,0.2956705385427666,,GOOD,0.0,0.0,v1_geometric_1384810,1384810,,,,,0.0,no
LI-Small,0.0491570476641299,,,0.3448275862068966,,,,,v1_exhaustive_best,1141186,,,,,17.592593929853194,no
LI-Small,5.551115123125783e-17,0.0,0.0,0.2956705385427666,5.551115123125783e-17,,,,v2_coreset_iw_best,2268,0.7329842931937172,1.1102230246251563e-16,0.1851851851851851,2.775557561562892e-17,99.83622301976445,yes
