dataset,n_benign,n_total,n_illicit,illicit_rate_pct,full_illicit_rate_pct,benign_iw,reduction_pct,feasible,w_precision_mean,w_precision_std,w_recall_mean,w_recall_std,w_f1_mean,w_f1_std,delta_p_w_mean,delta_p_w_std,delta_r_w_mean,delta_r_w_std,delta_f1_w_mean,delta_f1_w_std,uw_precision_mean,uw_precision_std,uw_recall_mean,uw_recall_std,uw_f1_mean,uw_f1_std,delta_p_uw_mean,delta_p_uw_std,delta_r_uw_mean,delta_r_uw_std,delta_f1_uw_mean,delta_f1_uw_std,kl_typology_mean,kl_typology_std,n_typology_classes,irt_level,typ_0,typ_1,typ_2,typ_3,typ_4,typ_5,typ_6,typ_7,tok_edge_list,tok_json,ben_n_hard,ben_n_fill
LI-Small,1384810,1384810,(full),,,,0.0,ref,0.7329842931937173,,0.1851851851851851,,0.2956705385427666,,,,,,,,,,,,,,,,,,,,,,,,,,,,,,,,,,,
LI-Small,1512,2268,756,33.33333333333333,0.0545923267451852,915.3796296296296,99.83622301976445,True,0.7329842931937172,1.1102230246251563e-16,0.1851851851851851,2.775557561562892e-17,0.2956705385427666,5.551115123125783e-17,0.0,0.0,0.0,0.0,5.551115123125783e-17,0.0,0.7329842931937172,1.1102230246251563e-16,0.1851851851851851,2.775557561562892e-17,0.2956705385427667,5.551115123125783e-17,0.0,0.0,0.0,0.0,0.0,0.0,0.0,0.0,8.0,GOOD,29.0,11.0,30.0,30.0,27.0,10.0,27.0,10.0,1989036.0,4574556.0,269.0,1.0
LI-Small,2811,3567,756,21.194280908326323,0.0545923267451852,492.3706865884027,99.74241953769832,True,0.7329842931937172,1.1102230246251563e-16,0.1851851851851851,2.775557561562892e-17,0.2956705385427666,5.551115123125783e-17,0.0,0.0,0.0,0.0,5.551115123125783e-17,0.0,0.7329842931937172,1.1102230246251563e-16,0.1851851851851851,2.775557561562892e-17,0.2956705385427667,5.551115123125783e-17,0.0,0.0,0.0,0.0,0.0,0.0,0.0,0.0,8.0,GOOD,29.0,11.0,30.0,30.0,27.0,10.0,27.0,10.0,3128259.0,7194639.0,269.0,1.0
LI-Small,5224,5980,756,12.642140468227424,0.0545923267451852,264.9414241960184,99.5681718069627,True,0.7329842931937172,1.1102230246251563e-16,0.1851851851851851,2.775557561562892e-17,0.2956705385427666,5.551115123125783e-17,0.0,0.0,0.0,0.0,5.551115123125783e-17,0.0,0.7329842931937172,1.1102230246251563e-16,0.1851851851851851,2.775557561562892e-17,0.2956705385427667,5.551115123125783e-17,0.0,0.0,0.0,0.0,0.0,0.0,0.0,0.0,8.0,GOOD,29.0,11.0,30.0,30.0,27.0,10.0,27.0,10.0,5244460.0,12061660.0,269.0,2.0
LI-Small,9711,10467,756,7.222699914015478,0.0545923267451852,142.52435382555865,99.24415623803988,True,0.7329842931937172,1.1102230246251563e-16,0.1851851851851851,2.775557561562892e-17,0.2956705385427666,5.551115123125783e-17,0.0,0.0,0.0,0.0,5.551115123125783e-17,0.0,0.7329842931937172,1.1102230246251563e-16,0.1851851851851851,2.775557561562892e-17,0.2956705385427667,5.551115123125783e-17,0.0,0.0,0.0,0.0,0.0,0.0,0.0,0.0,8.0,GOOD,29.0,11.0,30.0,30.0,27.0,10.0,27.0,10.0,9179559.0,21111939.0,269.0,1.0
LI-Small,18051,18807,756,4.019779869197639,0.0545923267451852,76.67464406404078,98.64190755410488,True,0.7329842931937172,1.1102230246251563e-16,0.1851851851851851,2.775557561562892e-17,0.2956705385427666,5.551115123125783e-17,0.0,0.0,0.0,0.0,5.551115123125783e-17,0.0,0.7329842931937172,1.1102230246251563e-16,0.1851851851851851,2.775557561562892e-17,0.2956705385427667,5.551115123125783e-17,0.0,0.0,0.0,0.0,0.0,0.0,0.0,0.0,8.0,GOOD,29.0,11.0,30.0,30.0,27.0,10.0,27.0,10.0,16493739.0,37933719.0,269.0,1.0
LI-Small,33553,34309,756,2.203503453904223,0.0545923267451852,41.24978392394123,97.52247600753894,True,0.7329842931937172,1.1102230246251563e-16,0.1851851851851851,2.775557561562892e-17,0.2956705385427666,5.551115123125783e-17,0.0,0.0,0.0,0.0,5.551115123125783e-17,0.0,0.7329842931937172,1.1102230246251563e-16,0.1851851851851851,2.775557561562892e-17,0.2956705385427667,5.551115123125783e-17,0.0,0.0,0.0,0.0,0.0,0.0,0.0,0.0,8.0,GOOD,29.0,11.0,30.0,30.0,27.0,10.0,27.0,10.0,30088993.0,69201253.0,269.0,2.0
LI-Small,62369,63125,756,1.1976237623762376,0.0545923267451852,22.191377126457056,95.44161292884944,True,0.7329842931937172,1.1102230246251563e-16,0.1851851851851851,2.775557561562892e-17,0.2956705385427666,5.551115123125783e-17,0.0,0.0,0.0,0.0,5.551115123125783e-17,0.0,0.7329842931937172,1.1102230246251563e-16,0.1851851851851851,2.775557561562892e-17,0.2956705385427667,5.551115123125783e-17,0.0,0.0,0.0,0.0,0.0,0.0,0.0,0.0,8.0,GOOD,29.0,11.0,30.0,30.0,27.0,10.0,27.0,10.0,55360625.0,127323125.0,269.0,0.0
LI-Small,115933,116689,756,0.6478759780270634,0.0545923267451852,11.938395452545867,91.57364548205167,True,0.7329842931937172,1.1102230246251563e-16,0.1851851851851851,2.775557561562892e-17,0.2956705385427666,5.551115123125783e-17,0.0,0.0,0.0,0.0,5.551115123125783e-17,0.0,0.7329842931937172,1.1102230246251563e-16,0.1851851851851851,2.775557561562892e-17,0.2956705385427667,5.551115123125783e-17,0.0,0.0,0.0,0.0,0.0,0.0,0.0,0.0,8.0,GOOD,29.0,11.0,30.0,30.0,27.0,10.0,27.0,10.0,102336253.0,235361713.0,269.0,2.0
LI-Small,215498,216254,756,0.3495889093380931,0.0545923267451852,6.422583968296689,84.38385049212526,True,0.7329842931937172,1.1102230246251563e-16,0.1851851851851851,2.775557561562892e-17,0.2956705385427666,5.551115123125783e-17,0.0,0.0,0.0,0.0,5.551115123125783e-17,0.0,0.7329842931937172,1.1102230246251563e-16,0.1851851851851851,2.775557561562892e-17,0.2956705385427667,5.551115123125783e-17,0.0,0.0,0.0,0.0,0.0,0.0,0.0,0.0,8.0,GOOD,29.0,11.0,30.0,30.0,27.0,10.0,27.0,10.0,189654758.0,436184318.0,269.0,0.0
LI-Small,400572,401328,756,0.1883745963401507,0.0545923267451852,3.455194072476359,71.01927340212737,True,0.7329842931937172,1.1102230246251563e-16,0.1851851851851851,2.775557561562892e-17,0.2956705385427666,5.551115123125783e-17,0.0,0.0,0.0,0.0,5.551115123125783e-17,0.0,0.7329842931937172,1.1102230246251563e-16,0.1851851851851851,2.775557561562892e-17,0.2956705385427667,5.551115123125783e-17,0.0,0.0,0.0,0.0,0.0,0.0,0.0,0.0,8.0,GOOD,29.0,11.0,30.0,30.0,27.0,10.0,27.0,10.0,351964656.0,809478576.0,269.0,1.0
LI-Small,744589,745345,756,0.1014295393408421,0.0545923267451852,1.8588160716851847,46.17709288638875,True,0.7329842931937172,1.1102230246251563e-16,0.1851851851851851,2.775557561562892e-17,0.2956705385427666,5.551115123125783e-17,0.0,0.0,0.0,0.0,5.551115123125783e-17,0.0,0.7329842931937172,1.1102230246251563e-16,0.1851851851851851,2.775557561562892e-17,0.2956705385427667,5.551115123125783e-17,0.0,0.0,0.0,0.0,0.0,0.0,0.0,0.0,8.0,GOOD,29.0,11.0,30.0,30.0,27.0,10.0,27.0,10.0,653667565.0,1503360865.0,269.0,2.0
LI-Small,1384054,1384810,756,0.0545923267451852,0.0545923267451852,1.0,0.0,True,0.7329842931937172,1.1102230246251563e-16,0.1851851851851851,2.775557561562892e-17,0.2956705385427666,5.551115123125783e-17,0.0,0.0,0.0,0.0,5.551115123125783e-17,0.0,0.7329842931937172,1.1102230246251563e-16,0.1851851851851851,2.775557561562892e-17,0.2956705385427667,5.551115123125783e-17,0.0,0.0,0.0,0.0,0.0,0.0,0.0,0.0,8.0,GOOD,29.0,11.0,30.0,30.0,27.0,10.0,27.0,10.0,1214478370.0,2793161770.0,1384054.0,0.0
